timestamp,base_yaw.pos,base_pitch.pos,elbow_pitch.pos,wrist_roll.pos,wrist_pitch.pos
0.0,-0.0,0.0,-0.0,-0.0,-36.90998412237886
0.03333333333333333,-0.0,-0.013974,0.072886,0.449849,-36.77547489760859
0.06666666666666667,-0.0,-0.057513,0.276968,0.907895,-36.398843531753606
0.1,-0.0,-0.133087,0.590379,1.372393,-35.82044556049409
0.13333333333333333,-0.0,-0.243141,0.991254,1.8416,-35.08062959888746
0.16666666666666666,-0.0,-0.389944,1.457726,2.31377,-34.21975718048701
0.2,-0.0,-0.575376,1.96793,2.78716,-33.278177843099826
0.23333333333333334,-0.0,-0.800649,2.5,3.260026,-32.296239740408474
0.26666666666666666,-0.0,-1.065983,3.03207,3.730623,-31.314304867341093
0.3,-0.0,-1.370272,3.542274,4.197208,-30.37272506857906
0.3333333333333333,-0.0,-1.710823,4.008746,4.658033,-29.51184942055463
0.36666666666666664,-0.0,-2.083261,4.409621,5.111359,-28.772033458948
0.4,-0.0,-2.481676,4.723031,5.555438,-28.19363548768849
0.43333333333333335,-0.0,-2.899042,4.927113,5.988528,-27.817000892209528
0.4666666666666667,-0.0,-3.327816,4.999999,6.408882,-27.682492128814115
0.5,-0.0,-3.7606,4.951111,6.814758,-27.71256777138494
0.5333333333333333,-0.0,-4.190708,4.808889,7.204412,-27.800056900717145
0.5666666666666667,-0.0,-4.61253,4.58,7.576099,-27.94086204673738
0.6,-0.0,-5.021687,4.271111,7.928074,-28.13087789599978
0.6333333333333333,-0.0,-5.415002,3.888889,8.258595,-28.36601020805497
0.6666666666666666,-0.0,-5.790362,3.44,8.565914,-28.64215043983312
0.7,-0.0,-6.146527,2.931111,8.84829,-28.9552048122597
0.7333333333333333,-0.0,-6.48293,2.368888,9.103977,-29.30106385951517
0.7666666666666667,-0.0,-6.799506,1.76,9.331233,-29.6756310342759
0.8,-0.0,-7.096538,1.11111,9.52831,-30.07480655959425
0.8333333333333334,-0.0,-7.374551,0.428889,9.693468,-30.494487428898644
0.8666666666666667,-0.0,-7.634213,-0.28,9.824958,-30.930570635617485
0.9,-0.0,-7.876287,-1.00889,9.921043,-31.37895640280315
0.9333333333333333,-0.0,-8.101575,-1.751111,9.97997,-31.83554495350803
0.9666666666666667,-0.0,-8.310885,-2.5,10.0,-32.296239740408474
1.0,-0.0,-8.505022,-3.24889,9.970809,-32.75693129768494
1.0333333333333334,-0.0,-8.684765,-3.991112,9.884993,-33.21352307801379
1.0666666666666667,-0.0,-8.850859,-4.720001,9.745185,-33.66190884519946
1.1,-0.0,-9.004015,-5.428889,9.554019,-34.097995281542275
1.1333333333333333,-0.0,-9.144899,-6.111114,9.314128,-34.5176729212227
1.1666666666666667,-0.0,-9.27415,-6.759999,9.028147,-34.916841987293104
1.2,-0.0,-9.392358,-7.368888,8.69871,-35.29141562130177
1.2333333333333334,-0.0,-9.500075,-7.931109,8.32845,-35.637274668557254
1.2666666666666666,-0.0,-9.597822,-8.440002,7.92,-35.95032857960898
1.3,-0.0,-9.686084,-8.888892,7.475994,-36.22646881138712
1.3333333333333333,-0.0,-9.765314,-9.271114,6.999068,-36.46159835519319
1.3666666666666667,-0.0,-9.835938,-9.580001,6.491851,-36.651616972704716
1.4,-0.0,-9.898351,-9.808888,5.956981,-36.792422580099796
1.4333333333333333,-0.0,-9.952924,-9.951112,5.397092,-36.87991124805715
1.4666666666666666,-0.0,-10.000001,-10.0,4.814814,-36.90998412237886
1.5,-0.0,-10.041501,-9.970809,4.212783,-36.87991124805715
1.5333333333333334,-0.0,-10.079069,-9.884993,3.593635,-36.792422580099796
1.5666666666666667,-0.0,-10.112639,-9.745185,2.96,-36.651616972704716
1.6,-0.0,-10.142141,-9.554019,2.314513,-36.461604353066285
1.6333333333333333,-0.0,-10.167508,-9.314128,1.659807,-36.22646881138712
1.6666666666666667,-0.0,-10.188667,-9.028147,0.998519,-35.95032857960898
1.7,-0.0,-10.205552,-8.69871,0.333279,-35.637274668557254
1.7333333333333334,-0.0,-10.218094,-8.32845,-0.33328,-35.29141562130177
1.7666666666666666,-0.0,-10.226224,-7.92,-0.998519,-34.916848446541046
1.8,-0.0,-10.229874,-7.475994,-1.65981,-34.5176729212227
1.8333333333333333,-0.0,-10.228972,-6.999068,-2.314514,-34.097992051918304
1.8666666666666667,-0.0,-10.223455,-6.491851,-2.960001,-33.66190884519946
1.9,-0.0,-10.213249,-5.956981,-3.593635,-33.21352307801379
1.9333333333333333,-0.0,-10.198288,-5.397092,-4.212784,-32.75693129768494
1.9666666666666666,-0.0,-10.178501,-4.814814,-4.814815,-32.296239740408474
2.0,-0.0,-10.153821,-4.212783,-5.397094,-31.83554495350803
2.033333333333333,-0.0,-10.124176,-3.593635,-5.956983,-31.37895640280315
2.066666666666667,-0.0,-10.089503,-2.96,-6.491852,-30.930570635617485
2.1,-0.0,-10.049728,-2.314513,-6.999066,-30.49448096965069
2.1333333333333333,-0.0,-10.004784,-1.659807,-7.475995,-30.07480655959425
2.1666666666666665,-0.0,-9.954604,-0.998519,-7.92,-29.6756310342759
2.2,-0.0,-9.899115,-0.333279,-8.328451,-29.30106385951517
2.2333333333333334,-0.0,-9.838252,0.33328,-8.698712,-28.9552048122597
2.2666666666666666,-0.0,-9.771945,0.998519,-9.028147,-28.64215043983312
2.3,-0.0,-9.700124,1.65981,-9.314129,-28.36601020805497
2.3333333333333335,-0.0,-9.622721,2.314514,-9.554017,-28.130881125623755
2.3666666666666667,-0.0,-9.539668,2.960001,-9.745181,-27.94086204673738
2.4,-0.0,-9.450895,3.593635,-9.884995,-27.800056900717145
2.433333333333333,-0.0,-9.356334,4.212784,-9.970806,-27.71256777138494
2.466666666666667,-0.0,-9.255916,4.814815,-10.0,-27.682492128814115
2.5,-0.0,-9.149573,5.397094,-9.995078,-27.71256777138494
2.533333333333333,-0.0,-9.037234,5.956983,-9.980307,-27.800056900717145
2.566666666666667,-0.0,-8.918833,6.491852,-9.955691,-27.94086204673738
2.6,-0.0,-8.794298,6.999066,-9.921221,-28.13087789599978
2.6333333333333333,-0.0,-8.663562,7.475995,-9.8769,-28.36601020805497
2.6666666666666665,-0.0,-8.526557,7.92,-9.822725,-28.64215043983312
2.7,-0.0,-8.383211,8.328451,-9.758691,-28.9552048122597
2.7333333333333334,-0.0,-8.233459,8.698712,-9.684798,-29.30106385951517
2.7666666666666666,-0.0,-8.077231,9.028147,-9.601043,-29.6756310342759
2.8,-0.0,-7.914457,9.314129,-9.507425,-30.07480655959425
2.8333333333333335,-0.0,-7.745069,9.554017,-9.403941,-30.494487428898644
2.8666666666666667,-0.0,-7.568998,9.745181,-9.29059,-30.930570635617485
2.9,-0.0,-7.386176,9.884995,-9.167367,-31.37895640280315
2.933333333333333,-0.0,-7.196532,9.970806,-9.034273,-31.83554495350803
2.966666666666667,-0.0,-7.0,10.0,-8.891305,-32.296239740408474
3.0,-0.0,-6.790297,9.967408,-8.73846,-32.75693129768494
3.033333333333333,-0.0,-6.562371,9.872593,-8.575735,-33.21352307801379
3.066666666666667,-0.0,-6.318001,9.72,-8.403131,-33.66190884519946
3.1,-0.0,-6.058963,9.514074,-8.220643,-34.097995281542275
3.1333333333333333,-0.0,-5.787037,9.259258,-8.028271,-34.5176729212227
3.1666666666666665,-0.0,-5.504,8.959999,-7.82601,-34.916841987293104
3.2,-0.0,-5.21163,8.620741,-7.613861,-35.29141562130177
3.2333333333333334,-0.0,-4.911704,8.245925,-7.391819,-35.637274668557254
3.2666666666666666,-0.0,-4.606,7.839999,-7.159885,-35.95032857960898
3.3,-0.0,-4.296296,7.407407,-6.918054,-36.22646881138712
3.3333333333333335,-0.0,-3.98437,6.952593,-6.666326,-36.46159835519319
3.3666666666666667,-0.0,-3.672,6.479999,-6.404697,-36.651616972704716
3.4,-0.0,-3.360963,5.994073,-6.133165,-36.792422580099796
3.433333333333333,-0.0,-3.053038,5.499259,-5.85173,-36.87991124805715
3.466666666666667,-0.0,-2.75,4.999999,-5.560387,-36.90998412237886
3.5,-0.0,-2.45363,4.500741,-5.259136,-36.77547489760859
3.533333333333333,-0.0,-2.165704,4.005926,-4.947975,-36.398843531753606
3.566666666666667,-0.0,-1.888,3.519999,-4.626899,-35.82044556049409
3.6,-0.0,-1.622296,3.047407,-4.295909,-35.08062959888746
3.6333333333333333,-0.0,-1.37037,2.592592,-3.955001,-34.21975718048701
3.6666666666666665,-0.0,-1.134,2.16,-3.604174,-33.278177843099826
3.7,-0.0,-0.914963,1.754074,-3.243426,-32.296239740408474
3.7333333333333334,-0.0,-0.715037,1.37926,-2.872754,-31.314304867341093
3.7666666666666666,-0.0,-0.535999,1.04,-2.492155,-30.37272506857906
3.8,-0.0,-0.379629,0.740739,-2.101629,-29.51184942055463
3.8333333333333335,-0.0,-0.247704,0.485925,-1.701172,-28.772033458948
3.8666666666666667,-0.0,-0.141999,0.279998,-1.290783,-28.19363548768849
3.9,-0.0,-0.064296,0.127409,-0.87046,-27.817000892209528
3.933333333333333,-0.0,-0.01637,0.032592,-0.4402,-27.682492128814115
3.966666666666667,-0.0,0.0,-0.0,-0.0,-27.71256777138494
4.0,-0.0,-0.013974,0.072886,0.449849,-27.800056900717145
4.033333333333333,-0.0,-0.057513,0.276968,0.907895,-27.94086204673738
4.066666666666666,-0.0,-0.133087,0.590379,1.372393,-28.13087789599978
4.1,-0.0,-0.243141,0.991254,1.8416,-28.36601020805497
4.133333333333334,-0.0,-0.389944,1.457726,2.31377,-28.64215043983312
4.166666666666667,-0.0,-0.575376,1.96793,2.78716,-28.9552048122597
4.2,-0.0,-0.800649,2.5,3.260026,-29.30106385951517
4.233333333333333,-0.0,-1.065983,3.03207,3.730623,-29.6756310342759
4.266666666666667,-0.0,-1.370272,3.542274,4.197208,-30.07480655959425
4.3,-0.0,-1.710823,4.008746,4.658033,-30.494487428898644
4.333333333333333,-0.0,-2.083261,4.409621,5.111359,-30.930570635617485
4.366666666666666,-0.0,-2.481676,4.723031,5.555438,-31.37895640280315
4.4,-0.0,-2.899042,4.927113,5.988528,-31.83554495350803
4.433333333333334,-0.0,-3.327816,4.999999,6.408882,-32.296239740408474
4.466666666666667,-0.0,-3.7606,4.951111,6.814758,-32.75693129768494
4.5,-0.0,-4.190708,4.808889,7.204412,-33.21352307801379
4.533333333333333,-0.0,-4.61253,4.58,7.576099,-33.66190884519946
4.566666666666666,-0.0,-5.021687,4.271111,7.928074,-34.097995281542275
4.6,-0.0,-5.415002,3.888889,8.258595,-34.5176729212227
4.633333333333334,-0.0,-5.790362,3.44,8.565914,-34.916841987293104
4.666666666666667,-0.0,-6.146527,2.931111,8.84829,-35.29141562130177
4.7,-0.0,-6.48293,2.368888,9.103977,-35.637274668557254
4.733333333333333,-0.0,-6.799506,1.76,9.331233,-35.95032857960898
4.766666666666667,-0.0,-7.096538,1.11111,9.52831,-36.22646881138712
4.8,-0.0,-7.374551,0.428889,9.693468,-36.46159835519319
4.833333333333333,-0.0,-7.634213,-0.28,9.824958,-36.651616972704716
4.866666666666666,-0.0,-7.876287,-1.00889,9.921043,-36.792422580099796
4.9,-0.0,-8.101575,-1.751111,9.97997,-36.87991124805715
4.933333333333334,-0.0,-8.310885,-2.5,10.0,-36.90998412237886
4.966666666666667,-0.0,-8.505022,-3.24889,9.970809,-36.87991124805715
5.0,-0.0,-8.684765,-3.991112,9.884993,-36.792422580099796
5.033333333333333,-0.0,-8.850859,-4.720001,9.745185,-36.651616972704716
5.066666666666666,-0.0,-9.004015,-5.428889,9.554019,-36.461604353066285
5.1,-0.0,-9.144899,-6.111114,9.314128,-36.22646881138712
5.133333333333334,-0.0,-9.27415,-6.759999,9.028147,-35.95032857960898
5.166666666666667,-0.0,-9.392358,-7.368888,8.69871,-35.637274668557254
5.2,-0.0,-9.500075,-7.931109,8.32845,-35.29141562130177
5.233333333333333,-0.0,-9.597822,-8.440002,7.92,-34.916848446541046
5.266666666666667,-0.0,-9.686084,-8.888892,7.475994,-34.5176729212227
5.3,-0.0,-9.765314,-9.271114,6.999068,-34.097992051918304
5.333333333333333,-0.0,-9.835938,-9.580001,6.491851,-33.66190884519946
5.366666666666666,-0.0,-9.898351,-9.808888,5.956981,-33.21352307801379
5.4,-0.0,-9.952924,-9.951112,5.397092,-32.75693129768494
5.433333333333334,-0.0,-10.000001,-10.0,4.814814,-32.296239740408474
5.466666666666667,-0.0,-10.041501,-9.970809,4.212783,-31.83554495350803
5.5,-0.0,-10.079069,-9.884993,3.593635,-31.37895640280315
5.533333333333333,-0.0,-10.112639,-9.745185,2.96,-30.930570635617485
5.566666666666666,-0.0,-10.142141,-9.554019,2.314513,-30.49448096965069
5.6,-0.0,-10.167508,-9.314128,1.659807,-30.07480655959425
5.633333333333334,-0.0,-10.188667,-9.028147,0.998519,-29.6756310342759
5.666666666666667,-0.0,-10.205552,-8.69871,0.333279,-29.30106385951517
5.7,-0.0,-10.218094,-8.32845,-0.33328,-28.9552048122597
5.733333333333333,-0.0,-10.226224,-7.92,-0.998519,-28.64215043983312
5.766666666666667,-0.0,-10.229874,-7.475994,-1.65981,-28.36601020805497
5.8,-0.0,-10.228972,-6.999068,-2.314514,-28.130881125623755
5.833333333333333,-0.0,-10.223455,-6.491851,-2.960001,-27.94086204673738
5.866666666666666,-0.0,-10.213249,-5.956981,-3.593635,-27.800056900717145
5.9,-0.0,-10.198288,-5.397092,-4.212784,-27.71256777138494
5.933333333333334,-0.0,-10.178501,-4.814814,-4.814815,-27.682492128814115
5.966666666666667,-0.0,-10.153821,-4.212783,-5.397094,-27.71256777138494
6.0,-0.0,-10.124176,-3.593635,-5.956983,-27.800056900717145
6.033333333333333,-0.0,-10.089503,-2.96,-6.491852,-27.94086204673738
6.066666666666666,-0.0,-10.049728,-2.314513,-6.999066,-28.13087789599978
6.1,-0.0,-10.004784,-1.659807,-7.475995,-28.36601020805497
6.133333333333334,-0.0,-9.954604,-0.998519,-7.92,-28.64215043983312
6.166666666666667,-0.0,-9.899115,-0.333279,-8.328451,-28.9552048122597
6.2,-0.0,-9.838252,0.33328,-8.698712,-29.30106385951517
6.233333333333333,-0.0,-9.771945,0.998519,-9.028147,-29.6756310342759
6.266666666666667,-0.0,-9.700124,1.65981,-9.314129,-30.07480655959425
6.3,-0.0,-9.622721,2.314514,-9.554017,-30.494487428898644
6.333333333333333,-0.0,-9.539668,2.960001,-9.745181,-30.930570635617485
6.366666666666666,-0.0,-9.450895,3.593635,-9.884995,-31.37895640280315
6.4,-0.0,-9.356334,4.212784,-9.970806,-31.83554495350803
6.433333333333334,-0.0,-9.255916,4.814815,-10.0,-32.296239740408474
6.466666666666667,-0.0,-9.149573,5.397094,-9.995078,-32.75693129768494
6.5,-0.0,-9.037234,5.956983,-9.980307,-33.21352307801379
6.533333333333333,-0.0,-8.918833,6.491852,-9.955691,-33.66190884519946
6.566666666666666,-0.0,-8.794298,6.999066,-9.921221,-34.097995281542275
6.6,-0.0,-8.663562,7.475995,-9.8769,-34.5176729212227
6.633333333333334,-0.0,-8.526557,7.92,-9.822725,-34.916841987293104
6.666666666666667,-0.0,-8.383211,8.328451,-9.758691,-35.29141562130177
6.7,-0.0,-8.233459,8.698712,-9.684798,-35.637274668557254
6.733333333333333,-0.0,-8.077231,9.028147,-9.601043,-35.95032857960898
6.766666666666667,-0.0,-7.914457,9.314129,-9.507425,-36.22646881138712
6.8,-0.0,-7.745069,9.554017,-9.403941,-36.46159835519319
6.833333333333333,-0.0,-7.568998,9.745181,-9.29059,-36.651616972704716
6.866666666666666,-0.0,-7.386176,9.884995,-9.167367,-36.792422580099796
6.9,-0.0,-7.196532,9.970806,-9.034273,-36.87991124805715
6.933333333333334,-0.0,-7.0,10.0,-8.891305,-36.90998412237886
6.966666666666667,-0.0,-6.790297,9.967408,-8.73846,-36.77547489760859
7.0,-0.0,-6.562371,9.872593,-8.575735,-36.398843531753606
7.033333333333333,-0.0,-6.318001,9.72,-8.403131,-35.82044556049409
7.066666666666666,-0.0,-6.058963,9.514074,-8.220643,-35.08062959888746
7.1,-0.0,-5.787037,9.259258,-8.028271,-34.21975718048701
7.133333333333334,-0.0,-5.504,8.959999,-7.82601,-33.278177843099826
7.166666666666667,-0.0,-5.21163,8.620741,-7.613861,-32.296239740408474
7.2,-0.0,-4.911704,8.245925,-7.391819,-31.314304867341093
7.233333333333333,-0.0,-4.606,7.839999,-7.159885,-30.37272506857906
7.266666666666667,-0.0,-4.296296,7.407407,-6.918054,-29.51184942055463
7.3,-0.0,-3.98437,6.952593,-6.666326,-28.772033458948
7.333333333333333,-0.0,-3.672,6.479999,-6.404697,-28.19363548768849
7.366666666666666,-0.0,-3.360963,5.994073,-6.133165,-27.817000892209528
7.4,-0.0,-3.053038,5.499259,-5.85173,-27.682492128814115
7.433333333333334,-0.0,-2.75,4.999999,-5.560387,-27.71256777138494
7.466666666666667,-0.0,-2.45363,4.500741,-5.259136,-27.800056900717145
7.5,-0.0,-2.165704,4.005926,-4.947975,-27.94086204673738
7.533333333333333,-0.0,-1.888,3.519999,-4.626899,-28.13087789599978
7.566666666666666,-0.0,-1.622296,3.047407,-4.295909,-28.36601020805497
7.6,-0.0,-1.37037,2.592592,-3.955001,-28.64215043983312
7.633333333333334,-0.0,-1.134,2.16,-3.604174,-28.9552048122597
7.666666666666667,-0.0,-0.914963,1.754074,-3.243426,-29.30106385951517
7.7,-0.0,-0.715037,1.37926,-2.872754,-29.6756310342759
7.733333333333333,-0.0,-0.535999,1.04,-2.492155,-30.07480655959425
7.766666666666667,-0.0,-0.379629,0.740739,-2.101629,-30.494487428898644
7.8,-0.0,-0.247704,0.485925,-1.701172,-30.930570635617485
7.833333333333333,-0.0,-0.141999,0.279998,-1.290783,-31.37895640280315
7.866666666666666,-0.0,-0.064296,0.127409,-0.87046,-31.83554495350803
7.9,-0.0,-0.01637,0.032592,-0.4402,-32.296239740408474
7.933333333333334,-0.0,0.0,-0.0,-0.0,-32.75693129768494
7.966666666666667,-0.0,-0.013974,0.072886,0.449849,-33.21352307801379
8.0,-0.0,-0.057513,0.276968,0.907895,-33.66190884519946
8.033333333333333,-0.0,-0.133087,0.590379,1.372393,-34.097995281542275
8.066666666666666,-0.0,-0.243141,0.991254,1.8416,-34.5176729212227
8.1,-0.0,-0.389944,1.457726,2.31377,-34.916841987293104
8.133333333333333,-0.0,-0.575376,1.96793,2.78716,-35.29141562130177
8.166666666666666,-0.0,-0.800649,2.5,3.260026,-35.637274668557254
8.2,-0.0,-1.065983,3.03207,3.730623,-35.95032857960898
8.233333333333333,-0.0,-1.370272,3.542274,4.197208,-36.22646881138712
8.266666666666667,-0.0,-1.710823,4.008746,4.658033,-36.46159835519319
8.3,-0.0,-2.083261,4.409621,5.111359,-36.651616972704716
8.333333333333334,-0.0,-2.481676,4.723031,5.555438,-36.792422580099796
8.366666666666667,-0.0,-2.899042,4.927113,5.988528,-36.87991124805715
8.4,-0.0,-3.327816,4.999999,6.408882,-36.90998412237886
8.433333333333334,-0.0,-3.7606,4.951111,6.814758,-36.87991124805715
8.466666666666667,-0.0,-4.190708,4.808889,7.204412,-36.792422580099796
8.5,-0.0,-4.61253,4.58,7.576099,-36.651616972704716
8.533333333333333,-0.0,-5.021687,4.271111,7.928074,-36.461604353066285
8.566666666666666,-0.0,-5.415002,3.888889,8.258595,-36.22646881138712
8.6,-0.0,-5.790362,3.44,8.565914,-35.95032857960898
8.633333333333333,-0.0,-6.146527,2.931111,8.84829,-35.637274668557254
8.666666666666666,-0.0,-6.48293,2.368888,9.103977,-35.29141562130177
8.7,-0.0,-6.799506,1.76,9.331233,-34.916848446541046
8.733333333333333,-0.0,-7.096538,1.11111,9.52831,-34.5176729212227
8.766666666666667,-0.0,-7.374551,0.428889,9.693468,-34.097992051918304
8.8,-0.0,-7.634213,-0.28,9.824958,-33.66190884519946
8.833333333333334,-0.0,-7.876287,-1.00889,9.921043,-33.21352307801379
8.866666666666667,-0.0,-8.101575,-1.751111,9.97997,-32.75693129768494
8.9,-0.0,-8.310885,-2.5,10.0,-32.296239740408474
8.933333333333334,-0.0,-8.505022,-3.24889,9.970809,-31.83554495350803
8.966666666666667,-0.0,-8.684765,-3.991112,9.884993,-31.37895640280315
9.0,-0.0,-8.850859,-4.720001,9.745185,-30.930570635617485
9.033333333333333,-0.0,-9.004015,-5.428889,9.554019,-30.49448096965069
9.066666666666666,-0.0,-9.144899,-6.111114,9.314128,-30.07480655959425
9.1,-0.0,-9.27415,-6.759999,9.028147,-29.6756310342759
9.133333333333333,-0.0,-9.392358,-7.368888,8.69871,-29.30106385951517
9.166666666666666,-0.0,-9.500075,-7.931109,8.32845,-28.9552048122597
9.2,-0.0,-9.597822,-8.440002,7.92,-28.64215043983312
9.233333333333333,-0.0,-9.686084,-8.888892,7.475994,-28.36601020805497
9.266666666666667,-0.0,-9.765314,-9.271114,6.999068,-28.130881125623755
9.3,-0.0,-9.835938,-9.580001,6.491851,-27.94086204673738
9.333333333333334,-0.0,-9.898351,-9.808888,5.956981,-27.800056900717145
9.366666666666667,-0.0,-9.952924,-9.951112,5.397092,-27.71256777138494
9.4,-0.0,-10.000001,-10.0,4.814814,-27.682492128814115
9.433333333333334,-0.0,-10.041501,-9.970809,4.212783,-27.71256777138494
9.466666666666667,-0.0,-10.079069,-9.884993,3.593635,-27.800056900717145
9.5,-0.0,-10.112639,-9.745185,2.96,-27.94086204673738
9.533333333333333,-0.0,-10.142141,-9.554019,2.314513,-28.13087789599978
9.566666666666666,-0.0,-10.167508,-9.314128,1.659807,-28.36601020805497
9.6,-0.0,-10.188667,-9.028147,0.998519,-28.64215043983312
9.633333333333333,-0.0,-10.205552,-8.69871,0.333279,-28.9552048122597
9.666666666666666,-0.0,-10.218094,-8.32845,-0.33328,-29.30106385951517
9.7,-0.0,-10.226224,-7.92,-0.998519,-29.6756310342759
9.733333333333333,-0.0,-10.229874,-7.475994,-1.65981,-30.07480655959425
9.766666666666667,-0.0,-10.228972,-6.999068,-2.314514,-30.494487428898644
9.8,-0.0,-10.223455,-6.491851,-2.960001,-30.930570635617485
9.833333333333334,-0.0,-10.213249,-5.956981,-3.593635,-31.37895640280315
9.866666666666667,-0.0,-10.198288,-5.397092,-4.212784,-31.83554495350803
9.9,-0.0,-10.178501,-4.814814,-4.814815,-32.296239740408474
9.933333333333334,-0.0,-10.153821,-4.212783,-5.397094,-32.75693129768494
9.966666666666667,-0.0,-10.124176,-3.593635,-5.956983,-33.21352307801379
10.0,-0.0,-10.089503,-2.96,-6.491852,-33.66190884519946
10.033333333333333,-0.0,-10.049728,-2.314513,-6.999066,-34.097995281542275
10.066666666666666,-0.0,-10.004784,-1.659807,-7.475995,-34.5176729212227
10.1,-0.0,-9.954604,-0.998519,-7.92,-34.916841987293104
10.133333333333333,-0.0,-9.899115,-0.333279,-8.328451,-35.29141562130177
10.166666666666666,-0.0,-9.838252,0.33328,-8.698712,-35.637274668557254
10.2,-0.0,-9.771945,0.998519,-9.028147,-35.95032857960898
10.233333333333333,-0.0,-9.700124,1.65981,-9.314129,-36.22646881138712
10.266666666666667,-0.0,-9.622721,2.314514,-9.554017,-36.46159835519319
10.3,-0.0,-9.539668,2.960001,-9.745181,-36.651616972704716
10.333333333333334,-0.0,-9.450895,3.593635,-9.884995,-36.792422580099796
10.366666666666667,-0.0,-9.356334,4.212784,-9.970806,-36.87991124805715
10.4,-0.0,-9.255916,4.814815,-10.0,-36.90998412237886
10.433333333333334,-0.0,-9.149573,5.397094,-9.995078,-36.77547489760859
10.466666666666667,-0.0,-9.037234,5.956983,-9.980307,-36.398843531753606
10.5,-0.0,-8.918833,6.491852,-9.955691,-35.82044556049409
10.533333333333333,-0.0,-8.794298,6.999066,-9.921221,-35.08062959888746
10.566666666666666,-0.0,-8.663562,7.475995,-9.8769,-34.21975718048701
10.6,-0.0,-8.526557,7.92,-9.822725,-33.278177843099826
10.633333333333333,-0.0,-8.383211,8.328451,-9.758691,-32.296239740408474
10.666666666666666,-0.0,-8.233459,8.698712,-9.684798,-31.314304867341093
10.7,-0.0,-8.077231,9.028147,-9.601043,-30.37272506857906
10.733333333333333,-0.0,-7.914457,9.314129,-9.507425,-29.51184942055463
10.766666666666667,-0.0,-7.745069,9.554017,-9.403941,-28.772033458948
10.8,-0.0,-7.568998,9.745181,-9.29059,-28.19363548768849
10.833333333333334,-0.0,-7.386176,9.884995,-9.167367,-27.817000892209528
10.866666666666667,-0.0,-7.196532,9.970806,-9.034273,-27.682492128814115
10.9,-0.0,-7.0,10.0,-8.891305,-27.71256777138494
10.933333333333334,-0.0,-6.790297,9.967408,-8.73846,-27.800056900717145
10.966666666666667,-0.0,-6.562371,9.872593,-8.575735,-27.94086204673738
11.0,-0.0,-6.318001,9.72,-8.403131,-28.13087789599978
11.033333333333333,-0.0,-6.058963,9.514074,-8.220643,-28.36601020805497
11.066666666666666,-0.0,-5.787037,9.259258,-8.028271,-28.64215043983312
11.1,-0.0,-5.504,8.959999,-7.82601,-28.9552048122597
11.133333333333333,-0.0,-5.21163,8.620741,-7.613861,-29.30106385951517
11.166666666666666,-0.0,-4.911704,8.245925,-7.391819,-29.6756310342759
11.2,-0.0,-4.606,7.839999,-7.159885,-30.07480655959425
11.233333333333333,-0.0,-4.296296,7.407407,-6.918054,-30.494487428898644
11.266666666666667,-0.0,-3.98437,6.952593,-6.666326,-30.930570635617485
11.3,-0.0,-3.672,6.479999,-6.404697,-31.37895640280315
11.333333333333334,-0.0,-3.360963,5.994073,-6.133165,-31.83554495350803
11.366666666666667,-0.0,-3.053038,5.499259,-5.85173,-32.296239740408474
11.4,-0.0,-2.75,4.999999,-5.560387,-32.75693129768494
11.433333333333334,-0.0,-2.45363,4.500741,-5.259136,-33.21352307801379
11.466666666666667,-0.0,-2.165704,4.005926,-4.947975,-33.66190884519946
11.5,-0.0,-1.888,3.519999,-4.626899,-34.097995281542275
11.533333333333333,-0.0,-1.622296,3.047407,-4.295909,-34.5176729212227
11.566666666666666,-0.0,-1.37037,2.592592,-3.955001,-34.916841987293104
11.6,-0.0,-1.134,2.16,-3.604174,-35.29141562130177
11.633333333333333,-0.0,-0.914963,1.754074,-3.243426,-35.637274668557254
11.666666666666666,-0.0,-0.715037,1.37926,-2.872754,-35.95032857960898
11.7,-0.0,-0.535999,1.04,-2.492155,-36.22646881138712
11.733333333333333,-0.0,-0.379629,0.740739,-2.101629,-36.46159835519319
11.766666666666667,-0.0,-0.247704,0.485925,-1.701172,-36.651616972704716
11.8,-0.0,-0.141999,0.279998,-1.290783,-36.792422580099796
11.833333333333334,-0.0,-0.064296,0.127409,-0.87046,-36.87991124805715
11.866666666666667,-0.0,-0.01637,0.032592,-0.4402,-36.90998412237886
11.9,-0.0,0.0,-0.0,-0.0,-36.87991124805715
11.933333333333334,-0.0,-0.013974,0.072886,0.449849,-36.792422580099796
11.966666666666667,-0.0,-0.057513,0.276968,0.907895,-36.651616972704716
12.0,-0.0,-0.133087,0.590379,1.372393,-36.461604353066285
12.033333333333333,-0.0,-0.243141,0.991254,1.8416,-36.22646881138712
12.066666666666666,-0.0,-0.389944,1.457726,2.31377,-35.95032857960898
12.1,-0.0,-0.575376,1.96793,2.78716,-35.637274668557254
12.133333333333333,-0.0,-0.800649,2.5,3.260026,-35.29141562130177
12.166666666666666,-0.0,-1.065983,3.03207,3.730623,-34.916848446541046
12.2,-0.0,-1.370272,3.542274,4.197208,-34.5176729212227
12.233333333333333,-0.0,-1.710823,4.008746,4.658033,-34.097992051918304
12.266666666666667,-0.0,-2.083261,4.409621,5.111359,-33.66190884519946
12.3,-0.0,-2.481676,4.723031,5.555438,-33.21352307801379
12.333333333333334,-0.0,-2.899042,4.927113,5.988528,-32.75693129768494
12.366666666666667,-0.0,-3.327816,4.999999,6.408882,-32.296239740408474
12.4,-0.0,-3.7606,4.951111,6.814758,-31.83554495350803
12.433333333333334,-0.0,-4.190708,4.808889,7.204412,-31.37895640280315
12.466666666666667,-0.0,-4.61253,4.58,7.576099,-30.930570635617485
12.5,-0.0,-5.021687,4.271111,7.928074,-30.49448096965069
12.533333333333333,-0.0,-5.415002,3.888889,8.258595,-30.07480655959425
12.566666666666666,-0.0,-5.790362,3.44,8.565914,-29.6756310342759
12.6,-0.0,-6.146527,2.931111,8.84829,-29.30106385951517
12.633333333333333,-0.0,-6.48293,2.368888,9.103977,-28.9552048122597
12.666666666666666,-0.0,-6.799506,1.76,9.331233,-28.64215043983312
12.7,-0.0,-7.096538,1.11111,9.52831,-28.36601020805497
12.733333333333333,-0.0,-7.374551,0.428889,9.693468,-28.130881125623755
12.766666666666667,-0.0,-7.634213,-0.28,9.824958,-27.94086204673738
12.8,-0.0,-7.876287,-1.00889,9.921043,-27.800056900717145
12.833333333333334,-0.0,-8.101575,-1.751111,9.97997,-27.71256777138494
12.866666666666667,-0.0,-8.310885,-2.5,10.0,-27.682492128814115
12.9,-0.0,-8.505022,-3.24889,9.970809,-27.71256777138494
12.933333333333334,-0.0,-8.684765,-3.991112,9.884993,-27.800056900717145
12.966666666666667,-0.0,-8.850859,-4.720001,9.745185,-27.94086204673738
13.0,-0.0,-9.004015,-5.428889,9.554019,-28.13087789599978
13.033333333333333,-0.0,-9.144899,-6.111114,9.314128,-28.36601020805497
13.066666666666666,-0.0,-9.27415,-6.759999,9.028147,-28.64215043983312
13.1,-0.0,-9.392358,-7.368888,8.69871,-28.9552048122597
13.133333333333333,-0.0,-9.500075,-7.931109,8.32845,-29.30106385951517
13.166666666666666,-0.0,-9.597822,-8.440002,7.92,-29.6756310342759
13.2,-0.0,-9.686084,-8.888892,7.475994,-30.07480655959425
13.233333333333333,-0.0,-9.765314,-9.271114,6.999068,-30.494487428898644
13.266666666666667,-0.0,-9.835938,-9.580001,6.491851,-30.930570635617485
13.3,-0.0,-9.898351,-9.808888,5.956981,-31.37895640280315
13.333333333333334,-0.0,-9.952924,-9.951112,5.397092,-31.83554495350803
13.366666666666667,-0.0,-10.000001,-10.0,4.814814,-32.296239740408474
13.4,-0.0,-10.041501,-9.970809,4.212783,-32.75693129768494
13.433333333333334,-0.0,-10.079069,-9.884993,3.593635,-33.21352307801379
13.466666666666667,-0.0,-10.112639,-9.745185,2.96,-33.66190884519946
13.5,-0.0,-10.142141,-9.554019,2.314513,-34.097995281542275
13.533333333333333,-0.0,-10.167508,-9.314128,1.659807,-34.5176729212227
13.566666666666666,-0.0,-10.188667,-9.028147,0.998519,-34.916841987293104
13.6,-0.0,-10.205552,-8.69871,0.333279,-35.29141562130177
13.633333333333333,-0.0,-10.218094,-8.32845,-0.33328,-35.637274668557254
13.666666666666666,-0.0,-10.226224,-7.92,-0.998519,-35.95032857960898
13.7,-0.0,-10.229874,-7.475994,-1.65981,-36.22646881138712
13.733333333333333,-0.0,-10.228972,-6.999068,-2.314514,-36.46159835519319
13.766666666666667,-0.0,-10.223455,-6.491851,-2.960001,-36.651616972704716
13.8,-0.0,-10.213249,-5.956981,-3.593635,-36.792422580099796
13.833333333333334,-0.0,-10.198288,-5.397092,-4.212784,-36.87991124805715
13.866666666666667,-0.0,-10.178501,-4.814814,-4.814815,-36.90998412237886
13.9,-0.0,-10.153821,-4.212783,-5.397094,-36.77547489760859
13.933333333333334,-0.0,-10.124176,-3.593635,-5.956983,-36.398843531753606
13.966666666666667,-0.0,-10.089503,-2.96,-6.491852,-35.82044556049409
14.0,-0.0,-10.049728,-2.314513,-6.999066,-35.08062959888746
14.033333333333333,-0.0,-10.004784,-1.659807,-7.475995,-34.21975718048701
14.066666666666666,-0.0,-9.954604,-0.998519,-7.92,-33.278177843099826
14.1,-0.0,-9.899115,-0.333279,-8.328451,-32.296239740408474
14.133333333333333,-0.0,-9.838252,0.33328,-8.698712,-31.314304867341093
14.166666666666666,-0.0,-9.771945,0.998519,-9.028147,-30.37272506857906
14.2,-0.0,-9.700124,1.65981,-9.314129,-29.51184942055463
14.233333333333333,-0.0,-9.622721,2.314514,-9.554017,-28.772033458948
14.266666666666667,-0.0,-9.539668,2.960001,-9.745181,-28.19363548768849
14.3,-0.0,-9.450895,3.593635,-9.884995,-27.817000892209528
14.333333333333334,-0.0,-9.356334,4.212784,-9.970806,-27.682492128814115
14.366666666666667,-0.0,-9.255916,4.814815,-10.0,-27.71256777138494
14.4,-0.0,-9.149573,5.397094,-9.995078,-27.800056900717145
14.433333333333334,-0.0,-9.037234,5.956983,-9.980307,-27.94086204673738
14.466666666666667,-0.0,-8.918833,6.491852,-9.955691,-28.13087789599978
14.5,-0.0,-8.794298,6.999066,-9.921221,-28.36601020805497
14.533333333333333,-0.0,-8.663562,7.475995,-9.8769,-28.64215043983312
14.566666666666666,-0.0,-8.526557,7.92,-9.822725,-28.9552048122597
14.6,-0.0,-8.383211,8.328451,-9.758691,-29.30106385951517
14.633333333333333,-0.0,-8.233459,8.698712,-9.684798,-29.6756310342759
14.666666666666666,-0.0,-8.077231,9.028147,-9.601043,-30.07480655959425
14.7,-0.0,-7.914457,9.314129,-9.507425,-30.494487428898644
14.733333333333333,-0.0,-7.745069,9.554017,-9.403941,-30.930570635617485
14.766666666666667,-0.0,-7.568998,9.745181,-9.29059,-31.37895640280315
14.8,-0.0,-7.386176,9.884995,-9.167367,-31.83554495350803
14.833333333333334,-0.0,-7.196532,9.970806,-9.034273,-32.296239740408474
14.866666666666667,-0.0,-7.0,10.0,-8.891305,-32.75693129768494
14.9,-0.0,-6.790297,9.967408,-8.73846,-33.21352307801379
14.933333333333334,-0.0,-6.562371,9.872593,-8.575735,-33.66190884519946
14.966666666666667,-0.0,-6.318001,9.72,-8.403131,-34.097995281542275
15.0,-0.0,-6.058963,9.514074,-8.220643,-34.5176729212227
15.033333333333333,-0.0,-5.787037,9.259258,-8.028271,-34.916841987293104
15.066666666666666,-0.0,-5.504,8.959999,-7.82601,-35.29141562130177
15.1,-0.0,-5.21163,8.620741,-7.613861,-35.637274668557254
15.133333333333333,-0.0,-4.911704,8.245925,-7.391819,-35.95032857960898
15.166666666666666,-0.0,-4.606,7.839999,-7.159885,-36.22646881138712
15.2,-0.0,-4.296296,7.407407,-6.918054,-36.46159835519319
15.233333333333333,-0.0,-3.98437,6.952593,-6.666326,-36.651616972704716
15.266666666666667,-0.0,-3.672,6.479999,-6.404697,-36.792422580099796
15.3,-0.0,-3.360963,5.994073,-6.133165,-36.87991124805715
15.333333333333334,-0.0,-3.053038,5.499259,-5.85173,-36.90998412237886
15.366666666666667,-0.0,-2.75,4.999999,-5.560387,-36.87991124805715
15.4,-0.0,-2.45363,4.500741,-5.259136,-36.792422580099796
15.433333333333334,-0.0,-2.165704,4.005926,-4.947975,-36.651616972704716
15.466666666666667,-0.0,-1.888,3.519999,-4.626899,-36.461604353066285
15.5,-0.0,-1.622296,3.047407,-4.295909,-36.22646881138712
15.533333333333333,-0.0,-1.37037,2.592592,-3.955001,-35.95032857960898
15.566666666666666,-0.0,-1.134,2.16,-3.604174,-35.637274668557254
15.6,-0.0,-0.914963,1.754074,-3.243426,-35.29141562130177
15.633333333333333,-0.0,-0.715037,1.37926,-2.872754,-34.916848446541046
15.666666666666666,-0.0,-0.535999,1.04,-2.492155,-34.5176729212227
15.7,-0.0,-0.379629,0.740739,-2.101629,-34.097992051918304
15.733333333333333,-0.0,-0.247704,0.485925,-1.701172,-33.66190884519946
15.766666666666667,-0.0,-0.141999,0.279998,-1.290783,-33.21352307801379
15.8,-0.0,-0.064296,0.127409,-0.87046,-32.75693129768494
15.833333333333334,-0.0,-0.01637,0.032592,-0.4402,-32.296239740408474
15.866666666666667,-0.0,0.0,-0.0,-0.0,-31.83554495350803
15.9,-0.0,-0.013974,0.072886,0.449849,-31.37895640280315
15.933333333333334,-0.0,-0.057513,0.276968,0.907895,-30.930570635617485
15.966666666666667,-0.0,-0.133087,0.590379,1.372393,-30.49448096965069
16.0,-0.0,-0.243141,0.991254,1.8416,-30.07480655959425
16.033333333333335,-0.0,-0.389944,1.457726,2.31377,-29.6756310342759
16.066666666666666,-0.0,-0.575376,1.96793,2.78716,-29.30106385951517
16.1,-0.0,-0.800649,2.5,3.260026,-28.9552048122597
16.133333333333333,-0.0,-1.065983,3.03207,3.730623,-28.64215043983312
16.166666666666668,-0.0,-1.370272,3.542274,4.197208,-28.36601020805497
16.2,-0.0,-1.710823,4.008746,4.658033,-28.130881125623755
16.233333333333334,-0.0,-2.083261,4.409621,5.111359,-27.94086204673738
16.266666666666666,-0.0,-2.481676,4.723031,5.555438,-27.800056900717145
16.3,-0.0,-2.899042,4.927113,5.988528,-27.71256777138494
16.333333333333332,-0.0,-3.327816,4.999999,6.408882,-27.682492128814115
16.366666666666667,-0.0,-3.7606,4.951111,6.814758,-27.71256777138494
16.4,-0.0,-4.190708,4.808889,7.204412,-27.800056900717145
16.433333333333334,-0.0,-4.61253,4.58,7.576099,-27.94086204673738
16.466666666666665,-0.0,-5.021687,4.271111,7.928074,-28.13087789599978
16.5,-0.0,-5.415002,3.888889,8.258595,-28.36601020805497
16.533333333333335,-0.0,-5.790362,3.44,8.565914,-28.64215043983312
16.566666666666666,-0.0,-6.146527,2.931111,8.84829,-28.9552048122597
16.6,-0.0,-6.48293,2.368888,9.103977,-29.30106385951517
16.633333333333333,-0.0,-6.799506,1.76,9.331233,-29.6756310342759
16.666666666666668,-0.0,-7.096538,1.11111,9.52831,-30.07480655959425
16.7,-0.0,-7.374551,0.428889,9.693468,-30.494487428898644
16.733333333333334,-0.0,-7.634213,-0.28,9.824958,-30.930570635617485
16.766666666666666,-0.0,-7.876287,-1.00889,9.921043,-31.37895640280315
16.8,-0.0,-8.101575,-1.751111,9.97997,-31.83554495350803
16.833333333333332,-0.0,-8.310885,-2.5,10.0,-32.296239740408474
16.866666666666667,-0.0,-8.505022,-3.24889,9.970809,-32.75693129768494
16.9,-0.0,-8.684765,-3.991112,9.884993,-33.21352307801379
16.933333333333334,-0.0,-8.850859,-4.720001,9.745185,-33.66190884519946
16.966666666666665,-0.0,-9.004015,-5.428889,9.554019,-34.097995281542275
17.0,-0.0,-9.144899,-6.111114,9.314128,-34.5176729212227
17.033333333333335,-0.0,-9.27415,-6.759999,9.028147,-34.916841987293104
17.066666666666666,-0.0,-9.392358,-7.368888,8.69871,-35.29141562130177
17.1,-0.0,-9.500075,-7.931109,8.32845,-35.637274668557254
17.133333333333333,-0.0,-9.597822,-8.440002,7.92,-35.95032857960898
17.166666666666668,-0.0,-9.686084,-8.888892,7.475994,-36.22646881138712
17.2,-0.0,-9.765314,-9.271114,6.999068,-36.46159835519319
17.233333333333334,-0.0,-9.835938,-9.580001,6.491851,-36.651616972704716
17.266666666666666,-0.0,-9.898351,-9.808888,5.956981,-36.792422580099796
17.3,-0.0,-9.952924,-9.951112,5.397092,-36.87991124805715
17.333333333333332,-0.0,-10.000001,-10.0,4.814814,-36.90998412237886
17.366666666666667,-0.0,-10.041501,-9.970809,4.212783,-36.77547489760859
17.4,-0.0,-10.079069,-9.884993,3.593635,-36.398843531753606
17.433333333333334,-0.0,-10.112639,-9.745185,2.96,-35.82044556049409
17.466666666666665,-0.0,-10.142141,-9.554019,2.314513,-35.08062959888746
17.5,-0.0,-10.167508,-9.314128,1.659807,-34.21975718048701
17.533333333333335,-0.0,-10.188667,-9.028147,0.998519,-33.278177843099826
17.566666666666666,-0.0,-10.205552,-8.69871,0.333279,-32.296239740408474
17.6,-0.0,-10.218094,-8.32845,-0.33328,-31.314304867341093
17.633333333333333,-0.0,-10.226224,-7.92,-0.998519,-30.37272506857906
17.666666666666668,-0.0,-10.229874,-7.475994,-1.65981,-29.51184942055463
17.7,-0.0,-10.228972,-6.999068,-2.314514,-28.772033458948
17.733333333333334,-0.0,-10.223455,-6.491851,-2.960001,-28.19363548768849
17.766666666666666,-0.0,-10.213249,-5.956981,-3.593635,-27.817000892209528
17.8,-0.0,-10.198288,-5.397092,-4.212784,-27.682492128814115
17.833333333333332,-0.0,-10.178501,-4.814814,-4.814815,-27.71256777138494
17.866666666666667,-0.0,-10.153821,-4.212783,-5.397094,-27.800056900717145
17.9,-0.0,-10.124176,-3.593635,-5.956983,-27.94086204673738
17.933333333333334,-0.0,-10.089503,-2.96,-6.491852,-28.13087789599978
17.966666666666665,-0.0,-10.049728,-2.314513,-6.999066,-28.36601020805497
18.0,-0.0,-10.004784,-1.659807,-7.475995,-28.64215043983312
18.033333333333335,-0.0,-9.954604,-0.998519,-7.92,-28.9552048122597
18.066666666666666,-0.0,-9.899115,-0.333279,-8.328451,-29.30106385951517
18.1,-0.0,-9.838252,0.33328,-8.698712,-29.6756310342759
18.133333333333333,-0.0,-9.771945,0.998519,-9.028147,-30.07480655959425
18.166666666666668,-0.0,-9.700124,1.65981,-9.314129,-30.494487428898644
18.2,-0.0,-9.622721,2.314514,-9.554017,-30.930570635617485
18.233333333333334,-0.0,-9.539668,2.960001,-9.745181,-31.37895640280315
18.266666666666666,-0.0,-9.450895,3.593635,-9.884995,-31.83554495350803
18.3,-0.0,-9.356334,4.212784,-9.970806,-32.296239740408474
18.333333333333332,-0.0,-9.255916,4.814815,-10.0,-32.75693129768494
18.366666666666667,-0.0,-9.149573,5.397094,-9.995078,-33.21352307801379
18.4,-0.0,-9.037234,5.956983,-9.980307,-33.66190884519946
18.433333333333334,-0.0,-8.918833,6.491852,-9.955691,-34.097995281542275
18.466666666666665,-0.0,-8.794298,6.999066,-9.921221,-34.5176729212227
18.5,-0.0,-8.663562,7.475995,-9.8769,-34.916841987293104
18.533333333333335,-0.0,-8.526557,7.92,-9.822725,-35.29141562130177
18.566666666666666,-0.0,-8.383211,8.328451,-9.758691,-35.637274668557254
18.6,-0.0,-8.233459,8.698712,-9.684798,-35.95032857960898
18.633333333333333,-0.0,-8.077231,9.028147,-9.601043,-36.22646881138712
18.666666666666668,-0.0,-7.914457,9.314129,-9.507425,-36.46159835519319
18.7,-0.0,-7.745069,9.554017,-9.403941,-36.651616972704716
18.733333333333334,-0.0,-7.568998,9.745181,-9.29059,-36.792422580099796
18.766666666666666,-0.0,-7.386176,9.884995,-9.167367,-36.87991124805715
18.8,-0.0,-7.196532,9.970806,-9.034273,-36.90998412237886
18.833333333333332,-0.0,-7.0,10.0,-8.891305,-36.87991124805715
18.866666666666667,-0.0,-6.790297,9.967408,-8.73846,-36.792422580099796
18.9,-0.0,-6.562371,9.872593,-8.575735,-36.651616972704716
18.933333333333334,-0.0,-6.318001,9.72,-8.403131,-36.461604353066285
18.966666666666665,-0.0,-6.058963,9.514074,-8.220643,-36.22646881138712
19.0,-0.0,-5.787037,9.259258,-8.028271,-35.95032857960898
19.033333333333335,-0.0,-5.504,8.959999,-7.82601,-35.637274668557254
19.066666666666666,-0.0,-5.21163,8.620741,-7.613861,-35.29141562130177
19.1,-0.0,-4.911704,8.245925,-7.391819,-34.916848446541046
19.133333333333333,-0.0,-4.606,7.839999,-7.159885,-34.5176729212227
19.166666666666668,-0.0,-4.296296,7.407407,-6.918054,-34.097992051918304
19.2,-0.0,-3.98437,6.952593,-6.666326,-33.66190884519946
19.233333333333334,-0.0,-3.672,6.479999,-6.404697,-33.21352307801379
19.266666666666666,-0.0,-3.360963,5.994073,-6.133165,-32.75693129768494
19.3,-0.0,-3.053038,5.499259,-5.85173,-32.296239740408474
19.333333333333332,-0.0,-2.75,4.999999,-5.560387,-31.83554495350803
19.366666666666667,-0.0,-2.45363,4.500741,-5.259136,-31.37895640280315
19.4,-0.0,-2.165704,4.005926,-4.947975,-30.930570635617485
19.433333333333334,-0.0,-1.888,3.519999,-4.626899,-30.49448096965069
19.466666666666665,-0.0,-1.622296,3.047407,-4.295909,-30.07480655959425
19.5,-0.0,-1.37037,2.592592,-3.955001,-29.6756310342759
19.533333333333335,-0.0,-1.134,2.16,-3.604174,-29.30106385951517
19.566666666666666,-0.0,-0.914963,1.754074,-3.243426,-28.9552048122597
19.6,-0.0,-0.715037,1.37926,-2.872754,-28.64215043983312
19.633333333333333,-0.0,-0.535999,1.04,-2.492155,-28.36601020805497
19.666666666666668,-0.0,-0.379629,0.740739,-2.101629,-28.130881125623755
19.7,-0.0,-0.247704,0.485925,-1.701172,-27.94086204673738
19.733333333333334,-0.0,-0.141999,0.279998,-1.290783,-27.800056900717145
19.766666666666666,-0.0,-0.064296,0.127409,-0.87046,-27.71256777138494
19.8,-0.0,-0.01637,0.032592,-0.4402,-27.682492128814115
19.833333333333332,-0.0,0.0,-0.0,-0.0,-27.71256777138494
19.866666666666667,-0.0,-0.013974,0.072886,0.449849,-27.800056900717145
19.9,-0.0,-0.057513,0.276968,0.907895,-27.94086204673738
19.933333333333334,-0.0,-0.133087,0.590379,1.372393,-28.13087789599978
19.966666666666665,-0.0,-0.243141,0.991254,1.8416,-28.36601020805497
20.0,-0.0,-0.389944,1.457726,2.31377,-28.64215043983312
20.033333333333335,-0.0,-0.575376,1.96793,2.78716,-28.9552048122597
20.066666666666666,-0.0,-0.800649,2.5,3.260026,-29.30106385951517
20.1,-0.0,-1.065983,3.03207,3.730623,-29.6756310342759
20.133333333333333,-0.0,-1.370272,3.542274,4.197208,-30.07480655959425
20.166666666666668,-0.0,-1.710823,4.008746,4.658033,-30.494487428898644
20.2,-0.0,-2.083261,4.409621,5.111359,-30.930570635617485
20.233333333333334,-0.0,-2.481676,4.723031,5.555438,-31.37895640280315
20.266666666666666,-0.0,-2.899042,4.927113,5.988528,-31.83554495350803
20.3,-0.0,-3.327816,4.999999,6.408882,-32.296239740408474
20.333333333333332,-0.0,-3.7606,4.951111,6.814758,-32.75693129768494
20.366666666666667,-0.0,-4.190708,4.808889,7.204412,-33.21352307801379
20.4,-0.0,-4.61253,4.58,7.576099,-33.66190884519946
20.433333333333334,-0.0,-5.021687,4.271111,7.928074,-34.097995281542275
20.466666666666665,-0.0,-5.415002,3.888889,8.258595,-34.5176729212227
20.5,-0.0,-5.790362,3.44,8.565914,-34.916841987293104
20.533333333333335,-0.0,-6.146527,2.931111,8.84829,-35.29141562130177
20.566666666666666,-0.0,-6.48293,2.368888,9.103977,-35.637274668557254
20.6,-0.0,-6.799506,1.76,9.331233,-35.95032857960898
20.633333333333333,-0.0,-7.096538,1.11111,9.52831,-36.22646881138712
20.666666666666668,-0.0,-7.374551,0.428889,9.693468,-36.46159835519319
20.7,-0.0,-7.634213,-0.28,9.824958,-36.651616972704716
20.733333333333334,-0.0,-7.876287,-1.00889,9.921043,-36.792422580099796
20.766666666666666,-0.0,-8.101575,-1.751111,9.97997,-36.87991124805715
20.8,-0.0,-8.310885,-2.5,10.0,-36.90998412237886
20.833333333333332,-0.0,-8.505022,-3.24889,9.970809,-36.77547489760859
20.866666666666667,-0.0,-8.684765,-3.991112,9.884993,-36.398843531753606
20.9,-0.0,-8.850859,-4.720001,9.745185,-35.82044556049409
20.933333333333334,-0.0,-9.004015,-5.428889,9.554019,-35.08062959888746
20.966666666666665,-0.0,-9.144899,-6.111114,9.314128,-34.21975718048701
21.0,-0.0,-9.27415,-6.759999,9.028147,-33.278177843099826
21.033333333333335,-0.0,-9.392358,-7.368888,8.69871,-32.296239740408474
21.066666666666666,-0.0,-9.500075,-7.931109,8.32845,-31.314304867341093
21.1,-0.0,-9.597822,-8.440002,7.92,-30.37272506857906
21.133333333333333,-0.0,-9.686084,-8.888892,7.475994,-29.51184942055463
21.166666666666668,-0.0,-9.765314,-9.271114,6.999068,-28.772033458948
21.2,-0.0,-9.835938,-9.580001,6.491851,-28.19363548768849
21.233333333333334,-0.0,-9.898351,-9.808888,5.956981,-27.817000892209528
21.266666666666666,-0.0,-9.952924,-9.951112,5.397092,-27.682492128814115
21.3,-0.0,-10.000001,-10.0,4.814814,-27.71256777138494
21.333333333333332,-0.0,-10.041501,-9.970809,4.212783,-27.800056900717145
21.366666666666667,-0.0,-10.079069,-9.884993,3.593635,-27.94086204673738
21.4,-0.0,-10.112639,-9.745185,2.96,-28.13087789599978
21.433333333333334,-0.0,-10.142141,-9.554019,2.314513,-28.36601020805497
21.466666666666665,-0.0,-10.167508,-9.314128,1.659807,-28.64215043983312
21.5,-0.0,-10.188667,-9.028147,0.998519,-28.9552048122597
21.533333333333335,-0.0,-10.205552,-8.69871,0.333279,-29.30106385951517
21.566666666666666,-0.0,-10.218094,-8.32845,-0.33328,-29.6756310342759
21.6,-0.0,-10.226224,-7.92,-0.998519,-30.07480655959425
21.633333333333333,-0.0,-10.229874,-7.475994,-1.65981,-30.494487428898644
21.666666666666668,-0.0,-10.228972,-6.999068,-2.314514,-30.930570635617485
21.7,-0.0,-10.223455,-6.491851,-2.960001,-31.37895640280315
21.733333333333334,-0.0,-10.213249,-5.956981,-3.593635,-31.83554495350803
21.766666666666666,-0.0,-10.198288,-5.397092,-4.212784,-32.296239740408474
21.8,-0.0,-10.178501,-4.814814,-4.814815,-32.75693129768494
21.833333333333332,-0.0,-10.153821,-4.212783,-5.397094,-33.21352307801379
21.866666666666667,-0.0,-10.124176,-3.593635,-5.956983,-33.66190884519946
21.9,-0.0,-10.089503,-2.96,-6.491852,-34.097995281542275
21.933333333333334,-0.0,-10.049728,-2.314513,-6.999066,-34.5176729212227
21.966666666666665,-0.0,-10.004784,-1.659807,-7.475995,-34.916841987293104
22.0,-0.0,-9.954604,-0.998519,-7.92,-35.29141562130177
22.033333333333335,-0.0,-9.899115,-0.333279,-8.328451,-35.637274668557254
22.066666666666666,-0.0,-9.838252,0.33328,-8.698712,-35.95032857960898
22.1,-0.0,-9.771945,0.998519,-9.028147,-36.22646881138712
22.133333333333333,-0.0,-9.700124,1.65981,-9.314129,-36.46159835519319
22.166666666666668,-0.0,-9.622721,2.314514,-9.554017,-36.651616972704716
22.2,-0.0,-9.539668,2.960001,-9.745181,-36.792422580099796
22.233333333333334,-0.0,-9.450895,3.593635,-9.884995,-36.87991124805715
22.266666666666666,-0.0,-9.356334,4.212784,-9.970806,-36.90998412237886
22.3,-0.0,-9.255916,4.814815,-10.0,-36.87991124805715
22.333333333333332,-0.0,-9.149573,5.397094,-9.995078,-36.792422580099796
22.366666666666667,-0.0,-9.037234,5.956983,-9.980307,-36.651616972704716
22.4,-0.0,-8.918833,6.491852,-9.955691,-36.461604353066285
22.433333333333334,-0.0,-8.794298,6.999066,-9.921221,-36.22646881138712
22.466666666666665,-0.0,-8.663562,7.475995,-9.8769,-35.95032857960898
22.5,-0.0,-8.526557,7.92,-9.822725,-35.637274668557254
22.533333333333335,-0.0,-8.383211,8.328451,-9.758691,-35.29141562130177
22.566666666666666,-0.0,-8.233459,8.698712,-9.684798,-34.916848446541046
22.6,-0.0,-8.077231,9.028147,-9.601043,-34.5176729212227
22.633333333333333,-0.0,-7.914457,9.314129,-9.507425,-34.097992051918304
22.666666666666668,-0.0,-7.745069,9.554017,-9.403941,-33.66190884519946
22.7,-0.0,-7.568998,9.745181,-9.29059,-33.21352307801379
22.733333333333334,-0.0,-7.386176,9.884995,-9.167367,-32.75693129768494
22.766666666666666,-0.0,-7.196532,9.970806,-9.034273,-32.296239740408474
22.8,-0.0,-7.0,10.0,-8.891305,-31.83554495350803
22.833333333333332,-0.0,-6.790297,9.967408,-8.73846,-31.37895640280315
22.866666666666667,-0.0,-6.562371,9.872593,-8.575735,-30.930570635617485
22.9,-0.0,-6.318001,9.72,-8.403131,-30.49448096965069
22.933333333333334,-0.0,-6.058963,9.514074,-8.220643,-30.07480655959425
22.966666666666665,-0.0,-5.787037,9.259258,-8.028271,-29.6756310342759
23.0,-0.0,-5.504,8.959999,-7.82601,-29.30106385951517
23.033333333333335,-0.0,-5.21163,8.620741,-7.613861,-28.9552048122597
23.066666666666666,-0.0,-4.911704,8.245925,-7.391819,-28.64215043983312
23.1,-0.0,-4.606,7.839999,-7.159885,-28.36601020805497
23.133333333333333,-0.0,-4.296296,7.407407,-6.918054,-28.130881125623755
23.166666666666668,-0.0,-3.98437,6.952593,-6.666326,-27.94086204673738
23.2,-0.0,-3.672,6.479999,-6.404697,-27.800056900717145
23.233333333333334,-0.0,-3.360963,5.994073,-6.133165,-27.71256777138494
23.266666666666666,-0.0,-3.053038,5.499259,-5.85173,-27.682492128814115
23.3,-0.0,-2.75,4.999999,-5.560387,-27.71256777138494
23.333333333333332,-0.0,-2.45363,4.500741,-5.259136,-27.800056900717145
23.366666666666667,-0.0,-2.165704,4.005926,-4.947975,-27.94086204673738
23.4,-0.0,-1.888,3.519999,-4.626899,-28.13087789599978
23.433333333333334,-0.0,-1.622296,3.047407,-4.295909,-28.36601020805497
23.466666666666665,-0.0,-1.37037,2.592592,-3.955001,-28.64215043983312
23.5,-0.0,-1.134,2.16,-3.604174,-28.9552048122597
23.533333333333335,-0.0,-0.914963,1.754074,-3.243426,-29.30106385951517
23.566666666666666,-0.0,-0.715037,1.37926,-2.872754,-29.6756310342759
23.6,-0.0,-0.535999,1.04,-2.492155,-30.07480655959425
23.633333333333333,-0.0,-0.379629,0.740739,-2.101629,-30.494487428898644
23.666666666666668,-0.0,-0.247704,0.485925,-1.701172,-30.930570635617485
23.7,-0.0,-0.141999,0.279998,-1.290783,-31.37895640280315
23.733333333333334,-0.0,-0.064296,0.127409,-0.87046,-31.83554495350803
23.766666666666666,-0.0,-0.01637,0.032592,-0.4402,-32.296239740408474
23.8,-0.0,0.0,-0.0,-0.0,-32.75693129768494
23.833333333333332,-0.0,-0.013974,0.072886,0.449849,-33.21352307801379
23.866666666666667,-0.0,-0.057513,0.276968,0.907895,-33.66190884519946
23.9,-0.0,-0.133087,0.590379,1.372393,-34.097995281542275
23.933333333333334,-0.0,-0.243141,0.991254,1.8416,-34.5176729212227
23.966666666666665,-0.0,-0.389944,1.457726,2.31377,-34.916841987293104
24.0,-0.0,-0.575376,1.96793,2.78716,-35.29141562130177
24.033333333333335,-0.0,-0.800649,2.5,3.260026,-35.637274668557254
24.066666666666666,-0.0,-1.065983,3.03207,3.730623,-35.95032857960898
24.1,-0.0,-1.370272,3.542274,4.197208,-36.22646881138712
24.133333333333333,-0.0,-1.710823,4.008746,4.658033,-36.46159835519319
24.166666666666668,-0.0,-2.083261,4.409621,5.111359,-36.651616972704716
24.2,-0.0,-2.481676,4.723031,5.555438,-36.792422580099796
24.233333333333334,-0.0,-2.899042,4.927113,5.988528,-36.87991124805715
24.266666666666666,-0.0,-3.327816,4.999999,6.408882,-36.90998412237886
24.3,-0.0,-3.7606,4.951111,6.814758,-36.77547489760859
24.333333333333332,-0.0,-4.190708,4.808889,7.204412,-36.398843531753606
24.366666666666667,-0.0,-4.61253,4.58,7.576099,-35.82044556049409
24.4,-0.0,-5.021687,4.271111,7.928074,-35.08062959888746
24.433333333333334,-0.0,-5.415002,3.888889,8.258595,-34.21975718048701
24.466666666666665,-0.0,-5.790362,3.44,8.565914,-33.278177843099826
24.5,-0.0,-6.146527,2.931111,8.84829,-32.296239740408474
24.533333333333335,-0.0,-6.48293,2.368888,9.103977,-31.314304867341093
24.566666666666666,-0.0,-6.799506,1.76,9.331233,-30.37272506857906
24.6,-0.0,-7.096538,1.11111,9.52831,-29.51184942055463
24.633333333333333,-0.0,-7.374551,0.428889,9.693468,-28.772033458948
24.666666666666668,-0.0,-7.634213,-0.28,9.824958,-28.19363548768849
24.7,-0.0,-7.876287,-1.00889,9.921043,-27.817000892209528
24.733333333333334,-0.0,-8.101575,-1.751111,9.97997,-27.682492128814115
24.766666666666666,-0.0,-8.310885,-2.5,10.0,-27.71256777138494
24.8,-0.0,-8.505022,-3.24889,9.970809,-27.800056900717145
24.833333333333332,-0.0,-8.684765,-3.991112,9.884993,-27.94086204673738
24.866666666666667,-0.0,-8.850859,-4.720001,9.745185,-28.13087789599978
24.9,-0.0,-9.004015,-5.428889,9.554019,-28.36601020805497
24.933333333333334,-0.0,-9.144899,-6.111114,9.314128,-28.64215043983312
24.966666666666665,-0.0,-9.27415,-6.759999,9.028147,-28.9552048122597
25.0,-0.0,-9.392358,-7.368888,8.69871,-29.30106385951517
25.033333333333335,-0.0,-9.500075,-7.931109,8.32845,-29.6756310342759
25.066666666666666,-0.0,-9.597822,-8.440002,7.92,-30.07480655959425
25.1,-0.0,-9.686084,-8.888892,7.475994,-30.494487428898644
25.133333333333333,-0.0,-9.765314,-9.271114,6.999068,-30.930570635617485
25.166666666666668,-0.0,-9.835938,-9.580001,6.491851,-31.37895640280315
25.2,-0.0,-9.898351,-9.808888,5.956981,-31.83554495350803
25.233333333333334,-0.0,-9.952924,-9.951112,5.397092,-32.296239740408474
25.266666666666666,-0.0,-10.000001,-10.0,4.814814,-32.75693129768494
25.3,-0.0,-10.041501,-9.970809,4.212783,-33.21352307801379
25.333333333333332,-0.0,-10.079069,-9.884993,3.593635,-33.66190884519946
25.366666666666667,-0.0,-10.112639,-9.745185,2.96,-34.097995281542275
25.4,-0.0,-10.142141,-9.554019,2.314513,-34.5176729212227
25.433333333333334,-0.0,-10.167508,-9.314128,1.659807,-34.916841987293104
25.466666666666665,-0.0,-10.188667,-9.028147,0.998519,-35.29141562130177
25.5,-0.0,-10.205552,-8.69871,0.333279,-35.637274668557254
25.533333333333335,-0.0,-10.218094,-8.32845,-0.33328,-35.95032857960898
25.566666666666666,-0.0,-10.226224,-7.92,-0.998519,-36.22646881138712
25.6,-0.0,-10.229874,-7.475994,-1.65981,-36.46159835519319
25.633333333333333,-0.0,-10.228972,-6.999068,-2.314514,-36.651616972704716
25.666666666666668,-0.0,-10.223455,-6.491851,-2.960001,-36.792422580099796
25.7,-0.0,-10.213249,-5.956981,-3.593635,-36.87991124805715
25.733333333333334,-0.0,-10.198288,-5.397092,-4.212784,-36.90998412237886
25.766666666666666,-0.0,-10.178501,-4.814814,-4.814815,-36.87991124805715
25.8,-0.0,-10.153821,-4.212783,-5.397094,-36.792422580099796
25.833333333333332,-0.0,-10.124176,-3.593635,-5.956983,-36.651616972704716
25.866666666666667,-0.0,-10.089503,-2.96,-6.491852,-36.461604353066285
25.9,-0.0,-10.049728,-2.314513,-6.999066,-36.22646881138712
25.933333333333334,-0.0,-10.004784,-1.659807,-7.475995,-35.95032857960898
25.966666666666665,-0.0,-9.954604,-0.998519,-7.92,-35.637274668557254
26.0,-0.0,-9.899115,-0.333279,-8.328451,-35.29141562130177
26.033333333333335,-0.0,-9.838252,0.33328,-8.698712,-34.916848446541046
26.066666666666666,-0.0,-9.771945,0.998519,-9.028147,-34.5176729212227
26.1,-0.0,-9.700124,1.65981,-9.314129,-34.097992051918304
26.133333333333333,-0.0,-9.622721,2.314514,-9.554017,-33.66190884519946
26.166666666666668,-0.0,-9.539668,2.960001,-9.745181,-33.21352307801379
26.2,-0.0,-9.450895,3.593635,-9.884995,-32.75693129768494
26.233333333333334,-0.0,-9.356334,4.212784,-9.970806,-32.296239740408474
26.266666666666666,-0.0,-9.255916,4.814815,-10.0,-31.83554495350803
26.3,-0.0,-9.149573,5.397094,-9.995078,-31.37895640280315
26.333333333333332,-0.0,-9.037234,5.956983,-9.980307,-30.930570635617485
26.366666666666667,-0.0,-8.918833,6.491852,-9.955691,-30.49448096965069
26.4,-0.0,-8.794298,6.999066,-9.921221,-30.07480655959425
26.433333333333334,-0.0,-8.663562,7.475995,-9.8769,-29.6756310342759
26.466666666666665,-0.0,-8.526557,7.92,-9.822725,-29.30106385951517
26.5,-0.0,-8.383211,8.328451,-9.758691,-28.9552048122597
26.533333333333335,-0.0,-8.233459,8.698712,-9.684798,-28.64215043983312
26.566666666666666,-0.0,-8.077231,9.028147,-9.601043,-28.36601020805497
26.6,-0.0,-7.914457,9.314129,-9.507425,-28.130881125623755
26.633333333333333,-0.0,-7.745069,9.554017,-9.403941,-27.94086204673738
26.666666666666668,-0.0,-7.568998,9.745181,-9.29059,-27.800056900717145
26.7,-0.0,-7.386176,9.884995,-9.167367,-27.71256777138494
26.733333333333334,-0.0,-7.196532,9.970806,-9.034273,-27.682492128814115
26.766666666666666,-0.0,-7.0,10.0,-8.891305,-27.71256777138494
26.8,-0.0,-6.790297,9.967408,-8.73846,-27.800056900717145
26.833333333333332,-0.0,-6.562371,9.872593,-8.575735,-27.94086204673738
26.866666666666667,-0.0,-6.318001,9.72,-8.403131,-28.13087789599978
26.9,-0.0,-6.058963,9.514074,-8.220643,-28.36601020805497
26.933333333333334,-0.0,-5.787037,9.259258,-8.028271,-28.64215043983312
26.966666666666665,-0.0,-5.504,8.959999,-7.82601,-28.9552048122597
27.0,-0.0,-5.21163,8.620741,-7.613861,-29.30106385951517
27.033333333333335,-0.0,-4.911704,8.245925,-7.391819,-29.6756310342759
27.066666666666666,-0.0,-4.606,7.839999,-7.159885,-30.07480655959425
27.1,-0.0,-4.296296,7.407407,-6.918054,-30.494487428898644
27.133333333333333,-0.0,-3.98437,6.952593,-6.666326,-30.930570635617485
27.166666666666668,-0.0,-3.672,6.479999,-6.404697,-31.37895640280315
27.2,-0.0,-3.360963,5.994073,-6.133165,-31.83554495350803
27.233333333333334,-0.0,-3.053038,5.499259,-5.85173,-32.296239740408474
27.266666666666666,-0.0,-2.75,4.999999,-5.560387,-32.75693129768494
27.3,-0.0,-2.45363,4.500741,-5.259136,-33.21352307801379
27.333333333333332,-0.0,-2.165704,4.005926,-4.947975,-33.66190884519946
27.366666666666667,-0.0,-1.888,3.519999,-4.626899,-34.097995281542275
27.4,-0.0,-1.622296,3.047407,-4.295909,-34.5176729212227
27.433333333333334,-0.0,-1.37037,2.592592,-3.955001,-34.916841987293104
27.466666666666665,-0.0,-1.134,2.16,-3.604174,-35.29141562130177
27.5,-0.0,-0.914963,1.754074,-3.243426,-35.637274668557254
27.533333333333335,-0.0,-0.715037,1.37926,-2.872754,-35.95032857960898
27.566666666666666,-0.0,-0.535999,1.04,-2.492155,-36.22646881138712
27.6,-0.0,-0.379629,0.740739,-2.101629,-36.46159835519319
27.633333333333333,-0.0,-0.247704,0.485925,-1.701172,-36.651616972704716
27.666666666666668,-0.0,-0.141999,0.279998,-1.290783,-36.792422580099796
27.7,-0.0,-0.064296,0.127409,-0.87046,-36.87991124805715
27.733333333333334,-0.0,-0.01637,0.032592,-0.4402,-36.90998412237886
27.766666666666666,-0.0,0.0,-0.0,-0.0,-36.77547489760859
27.8,-0.0,-0.013974,0.072886,0.449849,-36.398843531753606
27.833333333333332,-0.0,-0.057513,0.276968,0.907895,-35.82044556049409
27.866666666666667,-0.0,-0.133087,0.590379,1.372393,-35.08062959888746
27.9,-0.0,-0.243141,0.991254,1.8416,-34.21975718048701
27.933333333333334,-0.0,-0.389944,1.457726,2.31377,-33.278177843099826
27.966666666666665,-0.0,-0.575376,1.96793,2.78716,-32.296239740408474
28.0,-0.0,-0.800649,2.5,3.260026,-31.314304867341093
28.033333333333335,-0.0,-1.065983,3.03207,3.730623,-30.37272506857906
28.066666666666666,-0.0,-1.370272,3.542274,4.197208,-29.51184942055463
28.1,-0.0,-1.710823,4.008746,4.658033,-28.772033458948
28.133333333333333,-0.0,-2.083261,4.409621,5.111359,-28.19363548768849
28.166666666666668,-0.0,-2.481676,4.723031,5.555438,-27.817000892209528
28.2,-0.0,-2.899042,4.927113,5.988528,-27.682492128814115
28.233333333333334,-0.0,-3.327816,4.999999,6.408882,-27.71256777138494
28.266666666666666,-0.0,-3.7606,4.951111,6.814758,-27.800056900717145
28.3,-0.0,-4.190708,4.808889,7.204412,-27.94086204673738
28.333333333333332,-0.0,-4.61253,4.58,7.576099,-28.13087789599978
28.366666666666667,-0.0,-5.021687,4.271111,7.928074,-28.36601020805497
28.4,-0.0,-5.415002,3.888889,8.258595,-28.64215043983312
28.433333333333334,-0.0,-5.790362,3.44,8.565914,-28.9552048122597
28.466666666666665,-0.0,-6.146527,2.931111,8.84829,-29.30106385951517
28.5,-0.0,-6.48293,2.368888,9.103977,-29.6756310342759
28.533333333333335,-0.0,-6.799506,1.76,9.331233,-30.07480655959425
28.566666666666666,-0.0,-7.096538,1.11111,9.52831,-30.494487428898644
28.6,-0.0,-7.374551,0.428889,9.693468,-30.930570635617485
28.633333333333333,-0.0,-7.634213,-0.28,9.824958,-31.37895640280315
28.666666666666668,-0.0,-7.876287,-1.00889,9.921043,-31.83554495350803
28.7,-0.0,-8.101575,-1.751111,9.97997,-32.296239740408474
28.733333333333334,-0.0,-8.310885,-2.5,10.0,-32.75693129768494
28.766666666666666,-0.0,-8.505022,-3.24889,9.970809,-33.21352307801379
28.8,-0.0,-8.684765,-3.991112,9.884993,-33.66190884519946
28.833333333333332,-0.0,-8.850859,-4.720001,9.745185,-34.097995281542275
28.866666666666667,-0.0,-9.004015,-5.428889,9.554019,-34.5176729212227
28.9,-0.0,-9.144899,-6.111114,9.314128,-34.916841987293104
28.933333333333334,-0.0,-9.27415,-6.759999,9.028147,-35.29141562130177
28.966666666666665,-0.0,-9.392358,-7.368888,8.69871,-35.637274668557254
29.0,-0.0,-9.500075,-7.931109,8.32845,-35.95032857960898
29.033333333333335,-0.0,-9.597822,-8.440002,7.92,-36.22646881138712
29.066666666666666,-0.0,-9.686084,-8.888892,7.475994,-36.46159835519319
29.1,-0.0,-9.765314,-9.271114,6.999068,-36.651616972704716
29.133333333333333,-0.0,-9.835938,-9.580001,6.491851,-36.792422580099796
29.166666666666668,-0.0,-9.898351,-9.808888,5.956981,-36.87991124805715
29.2,-0.0,-9.952924,-9.951112,5.397092,-36.90998412237886
29.233333333333334,-0.0,-10.000001,-10.0,4.814814,-36.87991124805715
29.266666666666666,-0.0,-10.041501,-9.970809,4.212783,-36.792422580099796
29.3,-0.0,-10.079069,-9.884993,3.593635,-36.651616972704716
29.333333333333332,-0.0,-10.112639,-9.745185,2.96,-36.461604353066285
29.366666666666667,-0.0,-10.142141,-9.554019,2.314513,-36.22646881138712
29.4,-0.0,-10.167508,-9.314128,1.659807,-35.95032857960898
29.433333333333334,-0.0,-10.188667,-9.028147,0.998519,-35.637274668557254
29.466666666666665,-0.0,-10.205552,-8.69871,0.333279,-35.29141562130177
29.5,-0.0,-10.218094,-8.32845,-0.33328,-34.916848446541046
29.533333333333335,-0.0,-10.226224,-7.92,-0.998519,-34.5176729212227
29.566666666666666,-0.0,-10.229874,-7.475994,-1.65981,-34.097992051918304
29.6,-0.0,-10.228972,-6.999068,-2.314514,-33.66190884519946
29.633333333333333,-0.0,-10.223455,-6.491851,-2.960001,-33.21352307801379
29.666666666666668,-0.0,-10.213249,-5.956981,-3.593635,-32.75693129768494
29.7,-0.0,-10.198288,-5.397092,-4.212784,-32.296239740408474
29.733333333333334,-0.0,-10.178501,-4.814814,-4.814815,-31.83554495350803
29.766666666666666,-0.0,-10.153821,-4.212783,-5.397094,-31.37895640280315
29.8,-0.0,-10.124176,-3.593635,-5.956983,-30.930570635617485
29.833333333333332,-0.0,-10.089503,-2.96,-6.491852,-30.49448096965069
29.866666666666667,-0.0,-10.049728,-2.314513,-6.999066,-30.07480655959425
29.9,-0.0,-10.004784,-1.659807,-7.475995,-29.6756310342759
29.933333333333334,-0.0,-9.954604,-0.998519,-7.92,-29.30106385951517
29.966666666666665,-0.0,-9.899115,-0.333279,-8.328451,-28.9552048122597
30.0,-0.0,-9.838252,0.33328,-8.698712,-28.64215043983312
30.033333333333335,-0.0,-9.771945,0.998519,-9.028147,-28.36601020805497
30.066666666666666,-0.0,-9.700124,1.65981,-9.314129,-28.130881125623755
30.1,-0.0,-9.622721,2.314514,-9.554017,-27.94086204673738
30.133333333333333,-0.0,-9.539668,2.960001,-9.745181,-27.800056900717145
30.166666666666668,-0.0,-9.450895,3.593635,-9.884995,-27.71256777138494
30.2,-0.0,-9.356334,4.212784,-9.970806,-27.682492128814115
30.233333333333334,-0.0,-9.255916,4.814815,-10.0,-27.71256777138494
30.266666666666666,-0.0,-9.149573,5.397094,-9.995078,-27.800056900717145
30.3,-0.0,-9.037234,5.956983,-9.980307,-27.94086204673738
30.333333333333332,-0.0,-8.918833,6.491852,-9.955691,-28.13087789599978
30.366666666666667,-0.0,-8.794298,6.999066,-9.921221,-28.36601020805497
30.4,-0.0,-8.663562,7.475995,-9.8769,-28.64215043983312
30.433333333333334,-0.0,-8.526557,7.92,-9.822725,-28.9552048122597
30.466666666666665,-0.0,-8.383211,8.328451,-9.758691,-29.30106385951517
30.5,-0.0,-8.233459,8.698712,-9.684798,-29.6756310342759
30.533333333333335,-0.0,-8.077231,9.028147,-9.601043,-30.07480655959425
30.566666666666666,-0.0,-7.914457,9.314129,-9.507425,-30.494487428898644
30.6,-0.0,-7.745069,9.554017,-9.403941,-30.930570635617485
30.633333333333333,-0.0,-7.568998,9.745181,-9.29059,-31.37895640280315
30.666666666666668,-0.0,-7.386176,9.884995,-9.167367,-31.83554495350803
30.7,-0.0,-7.196532,9.970806,-9.034273,-32.296239740408474
30.733333333333334,-0.0,-7.0,10.0,-8.891305,-32.75693129768494
30.766666666666666,-0.0,-6.790297,9.967408,-8.73846,-33.21352307801379
30.8,-0.0,-6.562371,9.872593,-8.575735,-33.66190884519946
30.833333333333332,-0.0,-6.318001,9.72,-8.403131,-34.097995281542275
30.866666666666667,-0.0,-6.058963,9.514074,-8.220643,-34.5176729212227
30.9,-0.0,-5.787037,9.259258,-8.028271,-34.916841987293104
30.933333333333334,-0.0,-5.504,8.959999,-7.82601,-35.29141562130177
30.966666666666665,-0.0,-5.21163,8.620741,-7.613861,-35.637274668557254
31.0,-0.0,-4.911704,8.245925,-7.391819,-35.95032857960898
31.033333333333335,-0.0,-4.606,7.839999,-7.159885,-36.22646881138712
31.066666666666666,-0.0,-4.296296,7.407407,-6.918054,-36.46159835519319
31.1,-0.0,-3.98437,6.952593,-6.666326,-36.651616972704716
31.133333333333333,-0.0,-3.672,6.479999,-6.404697,-36.792422580099796
31.166666666666668,-0.0,-3.360963,5.994073,-6.133165,-36.87991124805715
31.2,-0.0,-3.053038,5.499259,-5.85173,-36.90998412237886
31.233333333333334,-0.0,-2.75,4.999999,-5.560387,-36.77547489760859
31.266666666666666,-0.0,-2.45363,4.500741,-5.259136,-36.398843531753606
31.3,-0.0,-2.165704,4.005926,-4.947975,-35.82044556049409
31.333333333333332,-0.0,-1.888,3.519999,-4.626899,-35.08062959888746
31.366666666666667,-0.0,-1.622296,3.047407,-4.295909,-34.21975718048701
31.4,-0.0,-1.37037,2.592592,-3.955001,-33.278177843099826
31.433333333333334,-0.0,-1.134,2.16,-3.604174,-32.296239740408474
31.466666666666665,-0.0,-0.914963,1.754074,-3.243426,-31.314304867341093
31.5,-0.0,-0.715037,1.37926,-2.872754,-30.37272506857906
31.533333333333335,-0.0,-0.535999,1.04,-2.492155,-29.51184942055463
31.566666666666666,-0.0,-0.379629,0.740739,-2.101629,-28.772033458948
31.6,-0.0,-0.247704,0.485925,-1.701172,-28.19363548768849
31.633333333333333,-0.0,-0.141999,0.279998,-1.290783,-27.817000892209528
31.666666666666668,-0.0,-0.064296,0.127409,-0.87046,-27.682492128814115
31.7,-0.0,-0.01637,0.032592,-0.4402,-27.71256777138494
31.733333333333334,-0.0,0.0,-0.0,-0.0,-27.800056900717145
31.766666666666666,-0.0,-0.013974,0.072886,0.449849,-27.94086204673738
31.8,-0.0,-0.057513,0.276968,0.907895,-28.13087789599978
31.833333333333332,-0.0,-0.133087,0.590379,1.372393,-28.36601020805497
31.866666666666667,-0.0,-0.243141,0.991254,1.8416,-28.64215043983312
31.9,-0.0,-0.389944,1.457726,2.31377,-28.9552048122597
31.933333333333334,-0.0,-0.575376,1.96793,2.78716,-29.30106385951517
31.966666666666665,-0.0,-0.800649,2.5,3.260026,-29.6756310342759
32.0,-0.0,-1.065983,3.03207,3.730623,-30.07480655959425
32.03333333333333,-0.0,-1.370272,3.542274,4.197208,-30.494487428898644
32.06666666666667,-0.0,-1.710823,4.008746,4.658033,-30.930570635617485
32.1,-0.0,-2.083261,4.409621,5.111359,-31.37895640280315
32.13333333333333,-0.0,-2.481676,4.723031,5.555438,-31.83554495350803
32.166666666666664,-0.0,-2.899042,4.927113,5.988528,-32.296239740408474
32.2,-0.0,-3.327816,4.999999,6.408882,-32.75693129768494
32.233333333333334,-0.0,-3.7606,4.951111,6.814758,-33.21352307801379
32.266666666666666,-0.0,-4.190708,4.808889,7.204412,-33.66190884519946
32.3,-0.0,-4.61253,4.58,7.576099,-34.097995281542275
32.333333333333336,-0.0,-5.021687,4.271111,7.928074,-34.5176729212227
32.36666666666667,-0.0,-5.415002,3.888889,8.258595,-34.916841987293104
32.4,-0.0,-5.790362,3.44,8.565914,-35.29141562130177
32.43333333333333,-0.0,-6.146527,2.931111,8.84829,-35.637274668557254
32.46666666666667,-0.0,-6.48293,2.368888,9.103977,-35.95032857960898
32.5,-0.0,-6.799506,1.76,9.331233,-36.22646881138712
32.53333333333333,-0.0,-7.096538,1.11111,9.52831,-36.46159835519319
32.56666666666667,-0.0,-7.374551,0.428889,9.693468,-36.651616972704716
32.6,-0.0,-7.634213,-0.28,9.824958,-36.792422580099796
32.63333333333333,-0.0,-7.876287,-1.00889,9.921043,-36.87991124805715
32.666666666666664,-0.0,-8.101575,-1.751111,9.97997,-36.90998412237886
32.7,-0.0,-8.310885,-2.5,10.0,-36.87991124805715
32.733333333333334,-0.0,-8.505022,-3.24889,9.970809,-36.792422580099796
32.766666666666666,-0.0,-8.684765,-3.991112,9.884993,-36.651616972704716
32.8,-0.0,-8.850859,-4.720001,9.745185,-36.461604353066285
32.833333333333336,-0.0,-9.004015,-5.428889,9.554019,-36.22646881138712
32.86666666666667,-0.0,-9.144899,-6.111114,9.314128,-35.95032857960898
32.9,-0.0,-9.27415,-6.759999,9.028147,-35.637274668557254
32.93333333333333,-0.0,-9.392358,-7.368888,8.69871,-35.29141562130177
32.96666666666667,-0.0,-9.500075,-7.931109,8.32845,-34.916848446541046
33.0,-0.0,-9.597822,-8.440002,7.92,-34.5176729212227
33.03333333333333,-0.0,-9.686084,-8.888892,7.475994,-34.097992051918304
33.06666666666667,-0.0,-9.765314,-9.271114,6.999068,-33.66190884519946
33.1,-0.0,-9.835938,-9.580001,6.491851,-33.21352307801379
33.13333333333333,-0.0,-9.898351,-9.808888,5.956981,-32.75693129768494
33.166666666666664,-0.0,-9.952924,-9.951112,5.397092,-32.296239740408474
33.2,-0.0,-10.000001,-10.0,4.814814,-31.83554495350803
33.233333333333334,-0.0,-10.041501,-9.970809,4.212783,-31.37895640280315
33.266666666666666,-0.0,-10.079069,-9.884993,3.593635,-30.930570635617485
33.3,-0.0,-10.112639,-9.745185,2.96,-30.49448096965069
33.333333333333336,-0.0,-10.142141,-9.554019,2.314513,-30.07480655959425
33.36666666666667,-0.0,-10.167508,-9.314128,1.659807,-29.6756310342759
33.4,-0.0,-10.188667,-9.028147,0.998519,-29.30106385951517
33.43333333333333,-0.0,-10.205552,-8.69871,0.333279,-28.9552048122597
33.46666666666667,-0.0,-10.218094,-8.32845,-0.33328,-28.64215043983312
33.5,-0.0,-10.226224,-7.92,-0.998519,-28.36601020805497
33.53333333333333,-0.0,-10.229874,-7.475994,-1.65981,-28.130881125623755
33.56666666666667,-0.0,-10.228972,-6.999068,-2.314514,-27.94086204673738
33.6,-0.0,-10.223455,-6.491851,-2.960001,-27.800056900717145
33.63333333333333,-0.0,-10.213249,-5.956981,-3.593635,-27.71256777138494
33.666666666666664,-0.0,-10.198288,-5.397092,-4.212784,-27.682492128814115
33.7,-0.0,-10.178501,-4.814814,-4.814815,-27.71256777138494
33.733333333333334,-0.0,-10.153821,-4.212783,-5.397094,-27.800056900717145
33.766666666666666,-0.0,-10.124176,-3.593635,-5.956983,-27.94086204673738
33.8,-0.0,-10.089503,-2.96,-6.491852,-28.13087789599978
33.833333333333336,-0.0,-10.049728,-2.314513,-6.999066,-28.36601020805497
33.86666666666667,-0.0,-10.004784,-1.659807,-7.475995,-28.64215043983312
33.9,-0.0,-9.954604,-0.998519,-7.92,-28.9552048122597
33.93333333333333,-0.0,-9.899115,-0.333279,-8.328451,-29.30106385951517
33.96666666666667,-0.0,-9.838252,0.33328,-8.698712,-29.6756310342759
34.0,-0.0,-9.771945,0.998519,-9.028147,-30.07480655959425
34.03333333333333,-0.0,-9.700124,1.65981,-9.314129,-30.494487428898644
34.06666666666667,-0.0,-9.622721,2.314514,-9.554017,-30.930570635617485
34.1,-0.0,-9.539668,2.960001,-9.745181,-31.37895640280315
34.13333333333333,-0.0,-9.450895,3.593635,-9.884995,-31.83554495350803
34.166666666666664,-0.0,-9.356334,4.212784,-9.970806,-32.296239740408474
34.2,-0.0,-9.255916,4.814815,-10.0,-32.75693129768494
34.233333333333334,-0.0,-9.149573,5.397094,-9.995078,-33.21352307801379
34.266666666666666,-0.0,-9.037234,5.956983,-9.980307,-33.66190884519946
34.3,-0.0,-8.918833,6.491852,-9.955691,-34.097995281542275
34.333333333333336,-0.0,-8.794298,6.999066,-9.921221,-34.5176729212227
34.36666666666667,-0.0,-8.663562,7.475995,-9.8769,-34.916841987293104
34.4,-0.0,-8.526557,7.92,-9.822725,-35.29141562130177
34.43333333333333,-0.0,-8.383211,8.328451,-9.758691,-35.637274668557254
34.46666666666667,-0.0,-8.233459,8.698712,-9.684798,-35.95032857960898
34.5,-0.0,-8.077231,9.028147,-9.601043,-36.22646881138712
34.53333333333333,-0.0,-7.914457,9.314129,-9.507425,-36.46159835519319
34.56666666666667,-0.0,-7.745069,9.554017,-9.403941,-36.651616972704716
34.6,-0.0,-7.568998,9.745181,-9.29059,-36.792422580099796
34.63333333333333,-0.0,-7.386176,9.884995,-9.167367,-36.87991124805715
34.666666666666664,-0.0,-7.196532,9.970806,-9.034273,-36.90998412237886
34.7,-0.0,-7.0,10.0,-8.891305,-36.77547489760859
34.733333333333334,-0.0,-6.790297,9.967408,-8.73846,-36.398843531753606
34.766666666666666,-0.0,-6.562371,9.872593,-8.575735,-35.82044556049409
34.8,-0.0,-6.318001,9.72,-8.403131,-35.08062959888746
34.833333333333336,-0.0,-6.058963,9.514074,-8.220643,-34.21975718048701
34.86666666666667,-0.0,-5.787037,9.259258,-8.028271,-33.278177843099826
34.9,-0.0,-5.504,8.959999,-7.82601,-32.296239740408474
34.93333333333333,-0.0,-5.21163,8.620741,-7.613861,-31.314304867341093
34.96666666666667,-0.0,-4.911704,8.245925,-7.391819,-30.37272506857906
35.0,-0.0,-4.606,7.839999,-7.159885,-29.51184942055463
35.03333333333333,-0.0,-4.296296,7.407407,-6.918054,-28.772033458948
35.06666666666667,-0.0,-3.98437,6.952593,-6.666326,-28.19363548768849
35.1,-0.0,-3.672,6.479999,-6.404697,-27.817000892209528
35.13333333333333,-0.0,-3.360963,5.994073,-6.133165,-27.682492128814115
35.166666666666664,-0.0,-3.053038,5.499259,-5.85173,-27.71256777138494
35.2,-0.0,-2.75,4.999999,-5.560387,-27.800056900717145
35.233333333333334,-0.0,-2.45363,4.500741,-5.259136,-27.94086204673738
35.266666666666666,-0.0,-2.165704,4.005926,-4.947975,-28.13087789599978
35.3,-0.0,-1.888,3.519999,-4.626899,-28.36601020805497
35.333333333333336,-0.0,-1.622296,3.047407,-4.295909,-28.64215043983312
35.36666666666667,-0.0,-1.37037,2.592592,-3.955001,-28.9552048122597
35.4,-0.0,-1.134,2.16,-3.604174,-29.30106385951517
35.43333333333333,-0.0,-0.914963,1.754074,-3.243426,-29.6756310342759
35.46666666666667,-0.0,-0.715037,1.37926,-2.872754,-30.07480655959425
35.5,-0.0,-0.535999,1.04,-2.492155,-30.494487428898644
35.53333333333333,-0.0,-0.379629,0.740739,-2.101629,-30.930570635617485
35.56666666666667,-0.0,-0.247704,0.485925,-1.701172,-31.37895640280315
35.6,-0.0,-0.141999,0.279998,-1.290783,-31.83554495350803
35.63333333333333,-0.0,-0.064296,0.127409,-0.87046,-32.296239740408474
35.666666666666664,-0.0,-0.01637,0.032592,-0.4402,-32.75693129768494
35.7,-0.0,0.0,-0.0,-0.0,-33.21352307801379
35.733333333333334,-0.0,-0.013974,0.072886,0.449849,-33.66190884519946
35.766666666666666,-0.0,-0.057513,0.276968,0.907895,-34.097995281542275
35.8,-0.0,-0.133087,0.590379,1.372393,-34.5176729212227
35.833333333333336,-0.0,-0.243141,0.991254,1.8416,-34.916841987293104
35.86666666666667,-0.0,-0.389944,1.457726,2.31377,-35.29141562130177
35.9,-0.0,-0.575376,1.96793,2.78716,-35.637274668557254
35.93333333333333,-0.0,-0.800649,2.5,3.260026,-35.95032857960898
35.96666666666667,-0.0,-1.065983,3.03207,3.730623,-36.22646881138712
36.0,-0.0,-1.370272,3.542274,4.197208,-36.46159835519319
36.03333333333333,-0.0,-1.710823,4.008746,4.658033,-36.651616972704716
36.06666666666667,-0.0,-2.083261,4.409621,5.111359,-36.792422580099796
36.1,-0.0,-2.481676,4.723031,5.555438,-36.87991124805715
36.13333333333333,-0.0,-2.899042,4.927113,5.988528,-36.90998412237886
36.166666666666664,-0.0,-3.327816,4.999999,6.408882,-36.87991124805715
36.2,-0.0,-3.7606,4.951111,6.814758,-36.792422580099796
36.233333333333334,-0.0,-4.190708,4.808889,7.204412,-36.651616972704716
36.266666666666666,-0.0,-4.61253,4.58,7.576099,-36.461604353066285
36.3,-0.0,-5.021687,4.271111,7.928074,-36.22646881138712
36.333333333333336,-0.0,-5.415002,3.888889,8.258595,-35.95032857960898
36.36666666666667,-0.0,-5.790362,3.44,8.565914,-35.637274668557254
36.4,-0.0,-6.146527,2.931111,8.84829,-35.29141562130177
36.43333333333333,-0.0,-6.48293,2.368888,9.103977,-34.916848446541046
36.46666666666667,-0.0,-6.799506,1.76,9.331233,-34.5176729212227
36.5,-0.0,-7.096538,1.11111,9.52831,-34.097992051918304
36.53333333333333,-0.0,-7.374551,0.428889,9.693468,-33.66190884519946
36.56666666666667,-0.0,-7.634213,-0.28,9.824958,-33.21352307801379
36.6,-0.0,-7.876287,-1.00889,9.921043,-32.75693129768494
36.63333333333333,-0.0,-8.101575,-1.751111,9.97997,-32.296239740408474
36.666666666666664,-0.0,-8.310885,-2.5,10.0,-31.83554495350803
36.7,-0.0,-8.505022,-3.24889,9.970809,-31.37895640280315
36.733333333333334,-0.0,-8.684765,-3.991112,9.884993,-30.930570635617485
36.766666666666666,-0.0,-8.850859,-4.720001,9.745185,-30.49448096965069
36.8,-0.0,-9.004015,-5.428889,9.554019,-30.07480655959425
36.833333333333336,-0.0,-9.144899,-6.111114,9.314128,-29.6756310342759
36.86666666666667,-0.0,-9.27415,-6.759999,9.028147,-29.30106385951517
36.9,-0.0,-9.392358,-7.368888,8.69871,-28.9552048122597
36.93333333333333,-0.0,-9.500075,-7.931109,8.32845,-28.64215043983312
36.96666666666667,-0.0,-9.597822,-8.440002,7.92,-28.36601020805497
37.0,-0.0,-9.686084,-8.888892,7.475994,-28.130881125623755
37.03333333333333,-0.0,-9.765314,-9.271114,6.999068,-27.94086204673738
37.06666666666667,-0.0,-9.835938,-9.580001,6.491851,-27.800056900717145
37.1,-0.0,-9.898351,-9.808888,5.956981,-27.71256777138494
37.13333333333333,-0.0,-9.952924,-9.951112,5.397092,-27.682492128814115
37.166666666666664,-0.0,-10.000001,-10.0,4.814814,-27.71256777138494
37.2,-0.0,-10.041501,-9.970809,4.212783,-27.800056900717145
37.233333333333334,-0.0,-10.079069,-9.884993,3.593635,-27.94086204673738
37.266666666666666,-0.0,-10.112639,-9.745185,2.96,-28.13087789599978
37.3,-0.0,-10.142141,-9.554019,2.314513,-28.36601020805497
37.333333333333336,-0.0,-10.167508,-9.314128,1.659807,-28.64215043983312
37.36666666666667,-0.0,-10.188667,-9.028147,0.998519,-28.9552048122597
37.4,-0.0,-10.205552,-8.69871,0.333279,-29.30106385951517
37.43333333333333,-0.0,-10.218094,-8.32845,-0.33328,-29.6756310342759
37.46666666666667,-0.0,-10.226224,-7.92,-0.998519,-30.07480655959425
37.5,-0.0,-10.229874,-7.475994,-1.65981,-30.494487428898644
37.53333333333333,-0.0,-10.228972,-6.999068,-2.314514,-30.930570635617485
37.56666666666667,-0.0,-10.223455,-6.491851,-2.960001,-31.37895640280315
37.6,-0.0,-10.213249,-5.956981,-3.593635,-31.83554495350803
37.63333333333333,-0.0,-10.198288,-5.397092,-4.212784,-32.296239740408474
37.666666666666664,-0.0,-10.178501,-4.814814,-4.814815,-32.75693129768494
37.7,-0.0,-10.153821,-4.212783,-5.397094,-33.21352307801379
37.733333333333334,-0.0,-10.124176,-3.593635,-5.956983,-33.66190884519946
37.766666666666666,-0.0,-10.089503,-2.96,-6.491852,-34.097995281542275
37.8,-0.0,-10.049728,-2.314513,-6.999066,-34.5176729212227
37.833333333333336,-0.0,-10.004784,-1.659807,-7.475995,-34.916841987293104
37.86666666666667,-0.0,-9.954604,-0.998519,-7.92,-35.29141562130177
37.9,-0.0,-9.899115,-0.333279,-8.328451,-35.637274668557254
37.93333333333333,-0.0,-9.838252,0.33328,-8.698712,-35.95032857960898
37.96666666666667,-0.0,-9.771945,0.998519,-9.028147,-36.22646881138712
38.0,-0.0,-9.700124,1.65981,-9.314129,-36.46159835519319
38.03333333333333,-0.0,-9.622721,2.314514,-9.554017,-36.651616972704716
38.06666666666667,-0.0,-9.539668,2.960001,-9.745181,-36.792422580099796
38.1,-0.0,-9.450895,3.593635,-9.884995,-36.87991124805715
38.13333333333333,-0.0,-9.356334,4.212784,-9.970806,-36.90998412237886
38.166666666666664,-0.0,-9.255916,4.814815,-10.0,-36.77547489760859
38.2,-0.0,-9.149573,5.397094,-9.995078,-36.398843531753606
38.233333333333334,-0.0,-9.037234,5.956983,-9.980307,-35.82044556049409
38.266666666666666,-0.0,-8.918833,6.491852,-9.955691,-35.08062959888746
38.3,-0.0,-8.794298,6.999066,-9.921221,-34.21975718048701
38.333333333333336,-0.0,-8.663562,7.475995,-9.8769,-33.278177843099826
38.36666666666667,-0.0,-8.526557,7.92,-9.822725,-32.296239740408474
38.4,-0.0,-8.383211,8.328451,-9.758691,-31.314304867341093
38.43333333333333,-0.0,-8.233459,8.698712,-9.684798,-30.37272506857906
38.46666666666667,-0.0,-8.077231,9.028147,-9.601043,-29.51184942055463
38.5,-0.0,-7.914457,9.314129,-9.507425,-28.772033458948
38.53333333333333,-0.0,-7.745069,9.554017,-9.403941,-28.19363548768849
38.56666666666667,-0.0,-7.568998,9.745181,-9.29059,-27.817000892209528
38.6,-0.0,-7.386176,9.884995,-9.167367,-27.682492128814115
38.63333333333333,-0.0,-7.196532,9.970806,-9.034273,-27.71256777138494
38.666666666666664,-0.0,-7.0,10.0,-8.891305,-27.800056900717145
38.7,-0.0,-6.790297,9.967408,-8.73846,-27.94086204673738
38.733333333333334,-0.0,-6.562371,9.872593,-8.575735,-28.13087789599978
38.766666666666666,-0.0,-6.318001,9.72,-8.403131,-28.36601020805497
38.8,-0.0,-6.058963,9.514074,-8.220643,-28.64215043983312
38.833333333333336,-0.0,-5.787037,9.259258,-8.028271,-28.9552048122597
38.86666666666667,-0.0,-5.504,8.959999,-7.82601,-29.30106385951517
38.9,-0.0,-5.21163,8.620741,-7.613861,-29.6756310342759
38.93333333333333,-0.0,-4.911704,8.245925,-7.391819,-30.07480655959425
38.96666666666667,-0.0,-4.606,7.839999,-7.159885,-30.494487428898644
39.0,-0.0,-4.296296,7.407407,-6.918054,-30.930570635617485
39.03333333333333,-0.0,-3.98437,6.952593,-6.666326,-31.37895640280315
39.06666666666667,-0.0,-3.672,6.479999,-6.404697,-31.83554495350803
39.1,-0.0,-3.360963,5.994073,-6.133165,-32.296239740408474
39.13333333333333,-0.0,-3.053038,5.499259,-5.85173,-32.75693129768494
39.166666666666664,-0.0,-2.75,4.999999,-5.560387,-33.21352307801379
39.2,-0.0,-2.45363,4.500741,-5.259136,-33.66190884519946
39.233333333333334,-0.0,-2.165704,4.005926,-4.947975,-34.097995281542275
39.266666666666666,-0.0,-1.888,3.519999,-4.626899,-34.5176729212227
39.3,-0.0,-1.622296,3.047407,-4.295909,-34.916841987293104
39.333333333333336,-0.0,-1.37037,2.592592,-3.955001,-35.29141562130177
39.36666666666667,-0.0,-1.134,2.16,-3.604174,-35.637274668557254
39.4,-0.0,-0.914963,1.754074,-3.243426,-35.95032857960898
39.43333333333333,-0.0,-0.715037,1.37926,-2.872754,-36.22646881138712
39.46666666666667,-0.0,-0.535999,1.04,-2.492155,-36.46159835519319
39.5,-0.0,-0.379629,0.740739,-2.101629,-36.651616972704716
39.53333333333333,-0.0,-0.247704,0.485925,-1.701172,-36.792422580099796
39.56666666666667,-0.0,-0.141999,0.279998,-1.290783,-36.87991124805715
39.6,-0.0,-0.064296,0.127409,-0.87046,-36.90998412237886
39.63333333333333,-0.0,-0.01637,0.032592,-0.4402,-36.87991124805715
39.666666666666664,-0.0,0.0,-0.0,-0.0,-36.792422580099796
39.7,-0.0,-0.013974,0.072886,0.449849,-36.651616972704716
39.733333333333334,-0.0,-0.057513,0.276968,0.907895,-36.461604353066285
39.766666666666666,-0.0,-0.133087,0.590379,1.372393,-36.22646881138712
39.8,-0.0,-0.243141,0.991254,1.8416,-35.95032857960898
39.833333333333336,-0.0,-0.389944,1.457726,2.31377,-35.637274668557254
39.86666666666667,-0.0,-0.575376,1.96793,2.78716,-35.29141562130177
39.9,-0.0,-0.800649,2.5,3.260026,-34.916848446541046
39.93333333333333,-0.0,-1.065983,3.03207,3.730623,-34.5176729212227
39.96666666666667,-0.0,-1.370272,3.542274,4.197208,-34.097992051918304
40.0,-0.0,-1.710823,4.008746,4.658033,-33.66190884519946
40.03333333333333,-0.0,-2.083261,4.409621,5.111359,-33.21352307801379
40.06666666666667,-0.0,-2.481676,4.723031,5.555438,-32.75693129768494
40.1,-0.0,-2.899042,4.927113,5.988528,-32.296239740408474
40.13333333333333,-0.0,-3.327816,4.999999,6.408882,-31.83554495350803
40.166666666666664,-0.0,-3.7606,4.951111,6.814758,-31.37895640280315
40.2,-0.0,-4.190708,4.808889,7.204412,-30.930570635617485
40.233333333333334,-0.0,-4.61253,4.58,7.576099,-30.49448096965069
40.266666666666666,-0.0,-5.021687,4.271111,7.928074,-30.07480655959425
40.3,-0.0,-5.415002,3.888889,8.258595,-29.6756310342759
40.333333333333336,-0.0,-5.790362,3.44,8.565914,-29.30106385951517
40.36666666666667,-0.0,-6.146527,2.931111,8.84829,-28.9552048122597
40.4,-0.0,-6.48293,2.368888,9.103977,-28.64215043983312
40.43333333333333,-0.0,-6.799506,1.76,9.331233,-28.36601020805497
40.46666666666667,-0.0,-7.096538,1.11111,9.52831,-28.130881125623755
40.5,-0.0,-7.374551,0.428889,9.693468,-27.94086204673738
40.53333333333333,-0.0,-7.634213,-0.28,9.824958,-27.800056900717145
40.56666666666667,-0.0,-7.876287,-1.00889,9.921043,-27.71256777138494
40.6,-0.0,-8.101575,-1.751111,9.97997,-27.682492128814115
40.63333333333333,-0.0,-8.310885,-2.5,10.0,-27.71256777138494
40.666666666666664,-0.0,-8.505022,-3.24889,9.970809,-27.800056900717145
40.7,-0.0,-8.684765,-3.991112,9.884993,-27.94086204673738
40.733333333333334,-0.0,-8.850859,-4.720001,9.745185,-28.13087789599978
40.766666666666666,-0.0,-9.004015,-5.428889,9.554019,-28.36601020805497
40.8,-0.0,-9.144899,-6.111114,9.314128,-28.64215043983312
40.833333333333336,-0.0,-9.27415,-6.759999,9.028147,-28.9552048122597
40.86666666666667,-0.0,-9.392358,-7.368888,8.69871,-29.30106385951517
40.9,-0.0,-9.500075,-7.931109,8.32845,-29.6756310342759
40.93333333333333,-0.0,-9.597822,-8.440002,7.92,-30.07480655959425
40.96666666666667,-0.0,-9.686084,-8.888892,7.475994,-30.494487428898644
41.0,-0.0,-9.765314,-9.271114,6.999068,-30.930570635617485
41.03333333333333,-0.0,-9.835938,-9.580001,6.491851,-31.37895640280315
41.06666666666667,-0.0,-9.898351,-9.808888,5.956981,-31.83554495350803
41.1,-0.0,-9.952924,-9.951112,5.397092,-32.296239740408474
41.13333333333333,-0.0,-10.000001,-10.0,4.814814,-32.75693129768494
41.166666666666664,-0.0,-10.041501,-9.970809,4.212783,-33.21352307801379
41.2,-0.0,-10.079069,-9.884993,3.593635,-33.66190884519946
41.233333333333334,-0.0,-10.112639,-9.745185,2.96,-34.097995281542275
41.266666666666666,-0.0,-10.142141,-9.554019,2.314513,-34.5176729212227
41.3,-0.0,-10.167508,-9.314128,1.659807,-34.916841987293104
41.333333333333336,-0.0,-10.188667,-9.028147,0.998519,-35.29141562130177
41.36666666666667,-0.0,-10.205552,-8.69871,0.333279,-35.637274668557254
41.4,-0.0,-10.218094,-8.32845,-0.33328,-35.95032857960898
41.43333333333333,-0.0,-10.226224,-7.92,-0.998519,-36.22646881138712
41.46666666666667,-0.0,-10.229874,-7.475994,-1.65981,-36.46159835519319
41.5,-0.0,-10.228972,-6.999068,-2.314514,-36.651616972704716
41.53333333333333,-0.0,-10.223455,-6.491851,-2.960001,-36.792422580099796
41.56666666666667,-0.0,-10.213249,-5.956981,-3.593635,-36.87991124805715
41.6,-0.0,-10.198288,-5.397092,-4.212784,-36.90998412237886
41.63333333333333,-0.0,-10.178501,-4.814814,-4.814815,-36.77547489760859
41.666666666666664,-0.0,-10.153821,-4.212783,-5.397094,-36.398843531753606
41.7,-0.0,-10.124176,-3.593635,-5.956983,-35.82044556049409
41.733333333333334,-0.0,-10.089503,-2.96,-6.491852,-35.08062959888746
41.766666666666666,-0.0,-10.049728,-2.314513,-6.999066,-34.21975718048701
41.8,-0.0,-10.004784,-1.659807,-7.475995,-33.278177843099826
41.833333333333336,-0.0,-9.954604,-0.998519,-7.92,-32.296239740408474
41.86666666666667,-0.0,-9.899115,-0.333279,-8.328451,-31.314304867341093
41.9,-0.0,-9.838252,0.33328,-8.698712,-30.37272506857906
41.93333333333333,-0.0,-9.771945,0.998519,-9.028147,-29.51184942055463
41.96666666666667,-0.0,-9.700124,1.65981,-9.314129,-28.772033458948
42.0,-0.0,-9.622721,2.314514,-9.554017,-28.19363548768849
42.03333333333333,-0.0,-9.539668,2.960001,-9.745181,-27.817000892209528
42.06666666666667,-0.0,-9.450895,3.593635,-9.884995,-27.682492128814115
42.1,-0.0,-9.356334,4.212784,-9.970806,-27.71256777138494
42.13333333333333,-0.0,-9.255916,4.814815,-10.0,-27.800056900717145
42.166666666666664,-0.0,-9.149573,5.397094,-9.995078,-27.94086204673738
42.2,-0.0,-9.037234,5.956983,-9.980307,-28.13087789599978
42.233333333333334,-0.0,-8.918833,6.491852,-9.955691,-28.36601020805497
42.266666666666666,-0.0,-8.794298,6.999066,-9.921221,-28.64215043983312
42.3,-0.0,-8.663562,7.475995,-9.8769,-28.9552048122597
42.333333333333336,-0.0,-8.526557,7.92,-9.822725,-29.30106385951517
42.36666666666667,-0.0,-8.383211,8.328451,-9.758691,-29.6756310342759
42.4,-0.0,-8.233459,8.698712,-9.684798,-30.07480655959425
42.43333333333333,-0.0,-8.077231,9.028147,-9.601043,-30.494487428898644
42.46666666666667,-0.0,-7.914457,9.314129,-9.507425,-30.930570635617485
42.5,-0.0,-7.745069,9.554017,-9.403941,-31.37895640280315
42.53333333333333,-0.0,-7.568998,9.745181,-9.29059,-31.83554495350803
42.56666666666667,-0.0,-7.386176,9.884995,-9.167367,-32.296239740408474
42.6,-0.0,-7.196532,9.970806,-9.034273,-32.75693129768494
42.63333333333333,-0.0,-7.0,10.0,-8.891305,-33.21352307801379
42.666666666666664,-0.0,-6.790297,9.967408,-8.73846,-33.66190884519946
42.7,-0.0,-6.562371,9.872593,-8.575735,-34.097995281542275
42.733333333333334,-0.0,-6.318001,9.72,-8.403131,-34.5176729212227
42.766666666666666,-0.0,-6.058963,9.514074,-8.220643,-34.916841987293104
42.8,-0.0,-5.787037,9.259258,-8.028271,-35.29141562130177
42.833333333333336,-0.0,-5.504,8.959999,-7.82601,-35.637274668557254
42.86666666666667,-0.0,-5.21163,8.620741,-7.613861,-35.95032857960898
42.9,-0.0,-4.911704,8.245925,-7.391819,-36.22646881138712
42.93333333333333,-0.0,-4.606,7.839999,-7.159885,-36.46159835519319
42.96666666666667,-0.0,-4.296296,7.407407,-6.918054,-36.651616972704716
43.0,-0.0,-3.98437,6.952593,-6.666326,-36.792422580099796
43.03333333333333,-0.0,-3.672,6.479999,-6.404697,-36.87991124805715
43.06666666666667,-0.0,-3.360963,5.994073,-6.133165,-36.90998412237886
43.1,-0.0,-3.053038,5.499259,-5.85173,-36.87991124805715
43.13333333333333,-0.0,-2.75,4.999999,-5.560387,-36.792422580099796
43.166666666666664,-0.0,-2.45363,4.500741,-5.259136,-36.651616972704716
43.2,-0.0,-2.165704,4.005926,-4.947975,-36.461604353066285
43.233333333333334,-0.0,-1.888,3.519999,-4.626899,-36.22646881138712
43.266666666666666,-0.0,-1.622296,3.047407,-4.295909,-35.95032857960898
43.3,-0.0,-1.37037,2.592592,-3.955001,-35.637274668557254
43.333333333333336,-0.0,-1.134,2.16,-3.604174,-35.29141562130177
43.36666666666667,-0.0,-0.914963,1.754074,-3.243426,-34.916848446541046
43.4,-0.0,-0.715037,1.37926,-2.872754,-34.5176729212227
43.43333333333333,-0.0,-0.535999,1.04,-2.492155,-34.097992051918304
43.46666666666667,-0.0,-0.379629,0.740739,-2.101629,-33.66190884519946
43.5,-0.0,-0.247704,0.485925,-1.701172,-33.21352307801379
43.53333333333333,-0.0,-0.141999,0.279998,-1.290783,-32.75693129768494
43.56666666666667,-0.0,-0.064296,0.127409,-0.87046,-32.296239740408474
43.6,-0.0,-0.01637,0.032592,-0.4402,-31.83554495350803
43.63333333333333,-0.0,0.0,-0.0,-0.0,-31.37895640280315
43.666666666666664,-0.0,-0.013974,0.072886,0.449849,-30.930570635617485
43.7,-0.0,-0.057513,0.276968,0.907895,-30.49448096965069
43.733333333333334,-0.0,-0.133087,0.590379,1.372393,-30.07480655959425
43.766666666666666,-0.0,-0.243141,0.991254,1.8416,-29.6756310342759
43.8,-0.0,-0.389944,1.457726,2.31377,-29.30106385951517
43.833333333333336,-0.0,-0.575376,1.96793,2.78716,-28.9552048122597
43.86666666666667,-0.0,-0.800649,2.5,3.260026,-28.64215043983312
43.9,-0.0,-1.065983,3.03207,3.730623,-28.36601020805497
43.93333333333333,-0.0,-1.370272,3.542274,4.197208,-28.130881125623755
43.96666666666667,-0.0,-1.710823,4.008746,4.658033,-27.94086204673738
44.0,-0.0,-2.083261,4.409621,5.111359,-27.800056900717145
44.03333333333333,-0.0,-2.481676,4.723031,5.555438,-27.71256777138494
44.06666666666667,-0.0,-2.899042,4.927113,5.988528,-27.682492128814115
44.1,-0.0,-3.327816,4.999999,6.408882,-27.71256777138494
44.13333333333333,-0.0,-3.7606,4.951111,6.814758,-27.800056900717145
44.166666666666664,-0.0,-4.190708,4.808889,7.204412,-27.94086204673738
44.2,-0.0,-4.61253,4.58,7.576099,-28.13087789599978
44.233333333333334,-0.0,-5.021687,4.271111,7.928074,-28.36601020805497
44.266666666666666,-0.0,-5.415002,3.888889,8.258595,-28.64215043983312
44.3,-0.0,-5.790362,3.44,8.565914,-28.9552048122597
44.333333333333336,-0.0,-6.146527,2.931111,8.84829,-29.30106385951517
44.36666666666667,-0.0,-6.48293,2.368888,9.103977,-29.6756310342759
44.4,-0.0,-6.799506,1.76,9.331233,-30.07480655959425
44.43333333333333,-0.0,-7.096538,1.11111,9.52831,-30.494487428898644
44.46666666666667,-0.0,-7.374551,0.428889,9.693468,-30.930570635617485
44.5,-0.0,-7.634213,-0.28,9.824958,-31.37895640280315
44.53333333333333,-0.0,-7.876287,-1.00889,9.921043,-31.83554495350803
44.56666666666667,-0.0,-8.101575,-1.751111,9.97997,-32.296239740408474
44.6,-0.0,-8.310885,-2.5,10.0,-32.75693129768494
44.63333333333333,-0.0,-8.505022,-3.24889,9.970809,-33.21352307801379
44.666666666666664,-0.0,-8.684765,-3.991112,9.884993,-33.66190884519946
44.7,-0.0,-8.850859,-4.720001,9.745185,-34.097995281542275
44.733333333333334,-0.0,-9.004015,-5.428889,9.554019,-34.5176729212227
44.766666666666666,-0.0,-9.144899,-6.111114,9.314128,-34.916841987293104
44.8,-0.0,-9.27415,-6.759999,9.028147,-35.29141562130177
44.833333333333336,-0.0,-9.392358,-7.368888,8.69871,-35.637274668557254
44.86666666666667,-0.0,-9.500075,-7.931109,8.32845,-35.95032857960898
44.9,-0.0,-9.597822,-8.440002,7.92,-36.22646881138712
44.93333333333333,-0.0,-9.686084,-8.888892,7.475994,-36.46159835519319
44.96666666666667,-0.0,-9.765314,-9.271114,6.999068,-36.651616972704716
45.0,-0.0,-9.835938,-9.580001,6.491851,-36.792422580099796
45.03333333333333,-0.0,-9.898351,-9.808888,5.956981,-36.87991124805715
45.06666666666667,-0.0,-9.952924,-9.951112,5.397092,-36.90998412237886
45.1,-0.0,-10.000001,-10.0,4.814814,-36.77547489760859
45.13333333333333,-0.0,-10.041501,-9.970809,4.212783,-36.398843531753606
45.166666666666664,-0.0,-10.079069,-9.884993,3.593635,-35.82044556049409
45.2,-0.0,-10.112639,-9.745185,2.96,-35.08062959888746
45.233333333333334,-0.0,-10.142141,-9.554019,2.314513,-34.21975718048701
45.266666666666666,-0.0,-10.167508,-9.314128,1.659807,-33.278177843099826
45.3,-0.0,-10.188667,-9.028147,0.998519,-32.296239740408474
45.333333333333336,-0.0,-10.205552,-8.69871,0.333279,-31.314304867341093
45.36666666666667,-0.0,-10.218094,-8.32845,-0.33328,-30.37272506857906
45.4,-0.0,-10.226224,-7.92,-0.998519,-29.51184942055463
45.43333333333333,-0.0,-10.229874,-7.475994,-1.65981,-28.772033458948
45.46666666666667,-0.0,-10.228972,-6.999068,-2.314514,-28.19363548768849
45.5,-0.0,-10.223455,-6.491851,-2.960001,-27.817000892209528
45.53333333333333,-0.0,-10.213249,-5.956981,-3.593635,-27.682492128814115
45.56666666666667,-0.0,-10.198288,-5.397092,-4.212784,-27.71256777138494
45.6,-0.0,-10.178501,-4.814814,-4.814815,-27.800056900717145
45.63333333333333,-0.0,-10.153821,-4.212783,-5.397094,-27.94086204673738
45.666666666666664,-0.0,-10.124176,-3.593635,-5.956983,-28.13087789599978
45.7,-0.0,-10.089503,-2.96,-6.491852,-28.36601020805497
45.733333333333334,-0.0,-10.049728,-2.314513,-6.999066,-28.64215043983312
45.766666666666666,-0.0,-10.004784,-1.659807,-7.475995,-28.9552048122597
45.8,-0.0,-9.954604,-0.998519,-7.92,-29.30106385951517
45.833333333333336,-0.0,-9.899115,-0.333279,-8.328451,-29.6756310342759
45.86666666666667,-0.0,-9.838252,0.33328,-8.698712,-30.07480655959425
45.9,-0.0,-9.771945,0.998519,-9.028147,-30.494487428898644
45.93333333333333,-0.0,-9.700124,1.65981,-9.314129,-30.930570635617485
45.96666666666667,-0.0,-9.622721,2.314514,-9.554017,-31.37895640280315
46.0,-0.0,-9.539668,2.960001,-9.745181,-31.83554495350803
46.03333333333333,-0.0,-9.450895,3.593635,-9.884995,-32.296239740408474
46.06666666666667,-0.0,-9.356334,4.212784,-9.970806,-32.75693129768494
46.1,-0.0,-9.255916,4.814815,-10.0,-33.21352307801379
46.13333333333333,-0.0,-9.149573,5.397094,-9.995078,-33.66190884519946
46.166666666666664,-0.0,-9.037234,5.956983,-9.980307,-34.097995281542275
46.2,-0.0,-8.918833,6.491852,-9.955691,-34.5176729212227
46.233333333333334,-0.0,-8.794298,6.999066,-9.921221,-34.916841987293104
46.266666666666666,-0.0,-8.663562,7.475995,-9.8769,-35.29141562130177
46.3,-0.0,-8.526557,7.92,-9.822725,-35.637274668557254
46.333333333333336,-0.0,-8.383211,8.328451,-9.758691,-35.95032857960898
46.36666666666667,-0.0,-8.233459,8.698712,-9.684798,-36.22646881138712
46.4,-0.0,-8.077231,9.028147,-9.601043,-36.46159835519319
46.43333333333333,-0.0,-7.914457,9.314129,-9.507425,-36.651616972704716
46.46666666666667,-0.0,-7.745069,9.554017,-9.403941,-36.792422580099796
46.5,-0.0,-7.568998,9.745181,-9.29059,-36.87991124805715
46.53333333333333,-0.0,-7.386176,9.884995,-9.167367,-36.90998412237886
46.56666666666667,-0.0,-7.196532,9.970806,-9.034273,-36.87991124805715
46.6,-0.0,-7.0,10.0,-8.891305,-36.792422580099796
46.63333333333333,-0.0,-6.790297,9.967408,-8.73846,-36.651616972704716
46.666666666666664,-0.0,-6.562371,9.872593,-8.575735,-36.461604353066285
46.7,-0.0,-6.318001,9.72,-8.403131,-36.22646881138712
46.733333333333334,-0.0,-6.058963,9.514074,-8.220643,-35.95032857960898
46.766666666666666,-0.0,-5.787037,9.259258,-8.028271,-35.637274668557254
46.8,-0.0,-5.504,8.959999,-7.82601,-35.29141562130177
46.833333333333336,-0.0,-5.21163,8.620741,-7.613861,-34.916848446541046
46.86666666666667,-0.0,-4.911704,8.245925,-7.391819,-34.5176729212227
46.9,-0.0,-4.606,7.839999,-7.159885,-34.097992051918304
46.93333333333333,-0.0,-4.296296,7.407407,-6.918054,-33.66190884519946
46.96666666666667,-0.0,-3.98437,6.952593,-6.666326,-33.21352307801379
47.0,-0.0,-3.672,6.479999,-6.404697,-32.75693129768494
47.03333333333333,-0.0,-3.360963,5.994073,-6.133165,-32.296239740408474
47.06666666666667,-0.0,-3.053038,5.499259,-5.85173,-31.83554495350803
47.1,-0.0,-2.75,4.999999,-5.560387,-31.37895640280315
47.13333333333333,-0.0,-2.45363,4.500741,-5.259136,-30.930570635617485
47.166666666666664,-0.0,-2.165704,4.005926,-4.947975,-30.49448096965069
47.2,-0.0,-1.888,3.519999,-4.626899,-30.07480655959425
47.233333333333334,-0.0,-1.622296,3.047407,-4.295909,-29.6756310342759
47.266666666666666,-0.0,-1.37037,2.592592,-3.955001,-29.30106385951517
47.3,-0.0,-1.134,2.16,-3.604174,-28.9552048122597
47.333333333333336,-0.0,-0.914963,1.754074,-3.243426,-28.64215043983312
47.36666666666667,-0.0,-0.715037,1.37926,-2.872754,-28.36601020805497
47.4,-0.0,-0.535999,1.04,-2.492155,-28.130881125623755
47.43333333333333,-0.0,-0.379629,0.740739,-2.101629,-27.94086204673738
47.46666666666667,-0.0,-0.247704,0.485925,-1.701172,-27.800056900717145
47.5,-0.0,-0.141999,0.279998,-1.290783,-27.71256777138494
47.53333333333333,-0.0,-0.064296,0.127409,-0.87046,-27.682492128814115
47.56666666666667,-0.0,-0.01637,0.032592,-0.4402,-27.71256777138494
47.6,-0.0,0.0,-0.0,-0.0,-27.800056900717145
47.63333333333333,-0.0,-0.013974,0.072886,0.449849,-27.94086204673738
47.666666666666664,-0.0,-0.057513,0.276968,0.907895,-28.13087789599978
47.7,-0.0,-0.133087,0.590379,1.372393,-28.36601020805497
47.733333333333334,-0.0,-0.243141,0.991254,1.8416,-28.64215043983312
47.766666666666666,-0.0,-0.389944,1.457726,2.31377,-28.9552048122597
47.8,-0.0,-0.575376,1.96793,2.78716,-29.30106385951517
47.833333333333336,-0.0,-0.800649,2.5,3.260026,-29.6756310342759
47.86666666666667,-0.0,-1.065983,3.03207,3.730623,-30.07480655959425
47.9,-0.0,-1.370272,3.542274,4.197208,-30.494487428898644
47.93333333333333,-0.0,-1.710823,4.008746,4.658033,-30.930570635617485
47.96666666666667,-0.0,-2.083261,4.409621,5.111359,-31.37895640280315
48.0,-0.0,-2.481676,4.723031,5.555438,-31.83554495350803
48.03333333333333,-0.0,-2.899042,4.927113,5.988528,-32.296239740408474
48.06666666666667,-0.0,-3.327816,4.999999,6.408882,-32.75693129768494
48.1,-0.0,-3.7606,4.951111,6.814758,-33.21352307801379
48.13333333333333,-0.0,-4.190708,4.808889,7.204412,-33.66190884519946
48.166666666666664,-0.0,-4.61253,4.58,7.576099,-34.097995281542275
48.2,-0.0,-5.021687,4.271111,7.928074,-34.5176729212227
48.233333333333334,-0.0,-5.415002,3.888889,8.258595,-34.916841987293104
48.266666666666666,-0.0,-5.790362,3.44,8.565914,-35.29141562130177
48.3,-0.0,-6.146527,2.931111,8.84829,-35.637274668557254
48.333333333333336,-0.0,-6.48293,2.368888,9.103977,-35.95032857960898
48.36666666666667,-0.0,-6.799506,1.76,9.331233,-36.22646881138712
48.4,-0.0,-7.096538,1.11111,9.52831,-36.46159835519319
48.43333333333333,-0.0,-7.374551,0.428889,9.693468,-36.651616972704716
48.46666666666667,-0.0,-7.634213,-0.28,9.824958,-36.792422580099796
48.5,-0.0,-7.876287,-1.00889,9.921043,-36.87991124805715
48.53333333333333,-0.0,-8.101575,-1.751111,9.97997,-36.90998412237886
48.56666666666667,-0.0,-8.310885,-2.5,10.0,-36.77547489760859
48.6,-0.0,-8.505022,-3.24889,9.970809,-36.398843531753606
48.63333333333333,-0.0,-8.684765,-3.991112,9.884993,-35.82044556049409
48.666666666666664,-0.0,-8.850859,-4.720001,9.745185,-35.08062959888746
48.7,-0.0,-9.004015,-5.428889,9.554019,-34.21975718048701
48.733333333333334,-0.0,-9.144899,-6.111114,9.314128,-33.278177843099826
48.766666666666666,-0.0,-9.27415,-6.759999,9.028147,-32.296239740408474
48.8,-0.0,-9.392358,-7.368888,8.69871,-31.314304867341093
48.833333333333336,-0.0,-9.500075,-7.931109,8.32845,-30.37272506857906
48.86666666666667,-0.0,-9.597822,-8.440002,7.92,-29.51184942055463
48.9,-0.0,-9.686084,-8.888892,7.475994,-28.772033458948
48.93333333333333,-0.0,-9.765314,-9.271114,6.999068,-28.19363548768849
48.96666666666667,-0.0,-9.835938,-9.580001,6.491851,-27.817000892209528
49.0,-0.0,-9.898351,-9.808888,5.956981,-27.682492128814115
49.03333333333333,-0.0,-9.952924,-9.951112,5.397092,-27.71256777138494
49.06666666666667,-0.0,-10.000001,-10.0,4.814814,-27.800056900717145
49.1,-0.0,-10.041501,-9.970809,4.212783,-27.94086204673738
49.13333333333333,-0.0,-10.079069,-9.884993,3.593635,-28.13087789599978
49.166666666666664,-0.0,-10.112639,-9.745185,2.96,-28.36601020805497
49.2,-0.0,-10.142141,-9.554019,2.314513,-28.64215043983312
49.233333333333334,-0.0,-10.167508,-9.314128,1.659807,-28.9552048122597
49.266666666666666,-0.0,-10.188667,-9.028147,0.998519,-29.30106385951517
49.3,-0.0,-10.205552,-8.69871,0.333279,-29.6756310342759
49.333333333333336,-0.0,-10.218094,-8.32845,-0.33328,-30.07480655959425
49.36666666666667,-0.0,-10.226224,-7.92,-0.998519,-30.494487428898644
49.4,-0.0,-10.229874,-7.475994,-1.65981,-30.930570635617485
49.43333333333333,-0.0,-10.228972,-6.999068,-2.314514,-31.37895640280315
49.46666666666667,-0.0,-10.223455,-6.491851,-2.960001,-31.83554495350803
49.5,-0.0,-10.213249,-5.956981,-3.593635,-32.296239740408474
49.53333333333333,-0.0,-10.198288,-5.397092,-4.212784,-32.75693129768494
49.56666666666667,-0.0,-10.178501,-4.814814,-4.814815,-33.21352307801379
49.6,-0.0,-10.153821,-4.212783,-5.397094,-33.66190884519946
49.63333333333333,-0.0,-10.124176,-3.593635,-5.956983,-34.097995281542275
49.666666666666664,-0.0,-10.089503,-2.96,-6.491852,-34.5176729212227
49.7,-0.0,-10.049728,-2.314513,-6.999066,-34.916841987293104
49.733333333333334,-0.0,-10.004784,-1.659807,-7.475995,-35.29141562130177
49.766666666666666,-0.0,-9.954604,-0.998519,-7.92,-35.637274668557254
49.8,-0.0,-9.899115,-0.333279,-8.328451,-35.95032857960898
49.833333333333336,-0.0,-9.838252,0.33328,-8.698712,-36.22646881138712
49.86666666666667,-0.0,-9.771945,0.998519,-9.028147,-36.46159835519319
49.9,-0.0,-9.700124,1.65981,-9.314129,-36.651616972704716
49.93333333333333,-0.0,-9.622721,2.314514,-9.554017,-36.792422580099796
49.96666666666667,-0.0,-9.539668,2.960001,-9.745181,-36.87991124805715
50.0,-0.0,-9.450895,3.593635,-9.884995,-36.90998412237886
50.03333333333333,-0.0,-9.356334,4.212784,-9.970806,-36.87991124805715
50.06666666666667,-0.0,-9.255916,4.814815,-10.0,-36.792422580099796
50.1,-0.0,-9.149573,5.397094,-9.995078,-36.651616972704716
50.13333333333333,-0.0,-9.037234,5.956983,-9.980307,-36.461604353066285
50.166666666666664,-0.0,-8.918833,6.491852,-9.955691,-36.22646881138712
50.2,-0.0,-8.794298,6.999066,-9.921221,-35.95032857960898
50.233333333333334,-0.0,-8.663562,7.475995,-9.8769,-35.637274668557254
50.266666666666666,-0.0,-8.526557,7.92,-9.822725,-35.29141562130177
50.3,-0.0,-8.383211,8.328451,-9.758691,-34.916848446541046
50.333333333333336,-0.0,-8.233459,8.698712,-9.684798,-34.5176729212227
50.36666666666667,-0.0,-8.077231,9.028147,-9.601043,-34.097992051918304
50.4,-0.0,-7.914457,9.314129,-9.507425,-33.66190884519946
50.43333333333333,-0.0,-7.745069,9.554017,-9.403941,-33.21352307801379
50.46666666666667,-0.0,-7.568998,9.745181,-9.29059,-32.75693129768494
50.5,-0.0,-7.386176,9.884995,-9.167367,-32.296239740408474
50.53333333333333,-0.0,-7.196532,9.970806,-9.034273,-31.83554495350803
50.56666666666667,-0.0,-7.0,10.0,-8.891305,-31.37895640280315
50.6,-0.0,-6.790297,9.967408,-8.73846,-30.930570635617485
50.63333333333333,-0.0,-6.562371,9.872593,-8.575735,-30.49448096965069
50.666666666666664,-0.0,-6.318001,9.72,-8.403131,-30.07480655959425
50.7,-0.0,-6.058963,9.514074,-8.220643,-29.6756310342759
50.733333333333334,-0.0,-5.787037,9.259258,-8.028271,-29.30106385951517
50.766666666666666,-0.0,-5.504,8.959999,-7.82601,-28.9552048122597
50.8,-0.0,-5.21163,8.620741,-7.613861,-28.64215043983312
50.833333333333336,-0.0,-4.911704,8.245925,-7.391819,-28.36601020805497
50.86666666666667,-0.0,-4.606,7.839999,-7.159885,-28.130881125623755
50.9,-0.0,-4.296296,7.407407,-6.918054,-27.94086204673738
50.93333333333333,-0.0,-3.98437,6.952593,-6.666326,-27.800056900717145
50.96666666666667,-0.0,-3.672,6.479999,-6.404697,-27.71256777138494
51.0,-0.0,-3.360963,5.994073,-6.133165,-27.682492128814115
51.03333333333333,-0.0,-3.053038,5.499259,-5.85173,-27.71256777138494
51.06666666666667,-0.0,-2.75,4.999999,-5.560387,-27.800056900717145
51.1,-0.0,-2.45363,4.500741,-5.259136,-27.94086204673738
51.13333333333333,-0.0,-2.165704,4.005926,-4.947975,-28.13087789599978
51.166666666666664,-0.0,-1.888,3.519999,-4.626899,-28.36601020805497
51.2,-0.0,-1.622296,3.047407,-4.295909,-28.64215043983312
51.233333333333334,-0.0,-1.37037,2.592592,-3.955001,-28.9552048122597
51.266666666666666,-0.0,-1.134,2.16,-3.604174,-29.30106385951517
51.3,-0.0,-0.914963,1.754074,-3.243426,-29.6756310342759
51.333333333333336,-0.0,-0.715037,1.37926,-2.872754,-30.07480655959425
51.36666666666667,-0.0,-0.535999,1.04,-2.492155,-30.494487428898644
51.4,-0.0,-0.379629,0.740739,-2.101629,-30.930570635617485
51.43333333333333,-0.0,-0.247704,0.485925,-1.701172,-31.37895640280315
51.46666666666667,-0.0,-0.141999,0.279998,-1.290783,-31.83554495350803
51.5,-0.0,-0.064296,0.127409,-0.87046,-32.296239740408474
51.53333333333333,-0.0,-0.01637,0.032592,-0.4402,-32.75693129768494
51.56666666666667,-0.0,0.0,-0.0,-0.0,-33.21352307801379
51.6,-0.0,-0.013974,0.072886,0.449849,-33.66190884519946
51.63333333333333,-0.0,-0.057513,0.276968,0.907895,-34.097995281542275
51.666666666666664,-0.0,-0.133087,0.590379,1.372393,-34.5176729212227
51.7,-0.0,-0.243141,0.991254,1.8416,-34.916841987293104
51.733333333333334,-0.0,-0.389944,1.457726,2.31377,-35.29141562130177
51.766666666666666,-0.0,-0.575376,1.96793,2.78716,-35.637274668557254
51.8,-0.0,-0.800649,2.5,3.260026,-35.95032857960898
51.833333333333336,-0.0,-1.065983,3.03207,3.730623,-36.22646881138712
51.86666666666667,-0.0,-1.370272,3.542274,4.197208,-36.46159835519319
51.9,-0.0,-1.710823,4.008746,4.658033,-36.651616972704716
51.93333333333333,-0.0,-2.083261,4.409621,5.111359,-36.792422580099796
51.96666666666667,-0.0,-2.481676,4.723031,5.555438,-36.87991124805715
52.0,-0.0,-2.899042,4.927113,5.988528,-36.90998412237886
52.03333333333333,-0.0,-3.327816,4.999999,6.408882,-36.77547489760859
52.06666666666667,-0.0,-3.7606,4.951111,6.814758,-36.398843531753606
52.1,-0.0,-4.190708,4.808889,7.204412,-35.82044556049409
52.13333333333333,-0.0,-4.61253,4.58,7.576099,-35.08062959888746
52.166666666666664,-0.0,-5.021687,4.271111,7.928074,-34.21975718048701
52.2,-0.0,-5.415002,3.888889,8.258595,-33.278177843099826
52.233333333333334,-0.0,-5.790362,3.44,8.565914,-32.296239740408474
52.266666666666666,-0.0,-6.146527,2.931111,8.84829,-31.314304867341093
52.3,-0.0,-6.48293,2.368888,9.103977,-30.37272506857906
52.333333333333336,-0.0,-6.799506,1.76,9.331233,-29.51184942055463
52.36666666666667,-0.0,-7.096538,1.11111,9.52831,-28.772033458948
52.4,-0.0,-7.374551,0.428889,9.693468,-28.19363548768849
52.43333333333333,-0.0,-7.634213,-0.28,9.824958,-27.817000892209528
52.46666666666667,-0.0,-7.876287,-1.00889,9.921043,-27.682492128814115
52.5,-0.0,-8.101575,-1.751111,9.97997,-27.71256777138494
52.53333333333333,-0.0,-8.310885,-2.5,10.0,-27.800056900717145
52.56666666666667,-0.0,-8.505022,-3.24889,9.970809,-27.94086204673738
52.6,-0.0,-8.684765,-3.991112,9.884993,-28.13087789599978
52.63333333333333,-0.0,-8.850859,-4.720001,9.745185,-28.36601020805497
52.666666666666664,-0.0,-9.004015,-5.428889,9.554019,-28.64215043983312
52.7,-0.0,-9.144899,-6.111114,9.314128,-28.9552048122597
52.733333333333334,-0.0,-9.27415,-6.759999,9.028147,-29.30106385951517
52.766666666666666,-0.0,-9.392358,-7.368888,8.69871,-29.6756310342759
52.8,-0.0,-9.500075,-7.931109,8.32845,-30.07480655959425
52.833333333333336,-0.0,-9.597822,-8.440002,7.92,-30.494487428898644
52.86666666666667,-0.0,-9.686084,-8.888892,7.475994,-30.930570635617485
52.9,-0.0,-9.765314,-9.271114,6.999068,-31.37895640280315
52.93333333333333,-0.0,-9.835938,-9.580001,6.491851,-31.83554495350803
52.96666666666667,-0.0,-9.898351,-9.808888,5.956981,-32.296239740408474
53.0,-0.0,-9.952924,-9.951112,5.397092,-32.75693129768494
53.03333333333333,-0.0,-10.000001,-10.0,4.814814,-33.21352307801379
53.06666666666667,-0.0,-10.041501,-9.970809,4.212783,-33.66190884519946
53.1,-0.0,-10.079069,-9.884993,3.593635,-34.097995281542275
53.13333333333333,-0.0,-10.112639,-9.745185,2.96,-34.5176729212227
53.166666666666664,-0.0,-10.142141,-9.554019,2.314513,-34.916841987293104
53.2,-0.0,-10.167508,-9.314128,1.659807,-35.29141562130177
53.233333333333334,-0.0,-10.188667,-9.028147,0.998519,-35.637274668557254
53.266666666666666,-0.0,-10.205552,-8.69871,0.333279,-35.95032857960898
53.3,-0.0,-10.218094,-8.32845,-0.33328,-36.22646881138712
53.333333333333336,-0.0,-10.226224,-7.92,-0.998519,-36.46159835519319
53.36666666666667,-0.0,-10.229874,-7.475994,-1.65981,-36.651616972704716
53.4,-0.0,-10.228972,-6.999068,-2.314514,-36.792422580099796
53.43333333333333,-0.0,-10.223455,-6.491851,-2.960001,-36.87991124805715
53.46666666666667,-0.0,-10.213249,-5.956981,-3.593635,-36.90998412237886
53.5,-0.0,-10.198288,-5.397092,-4.212784,-36.87991124805715
53.53333333333333,-0.0,-10.178501,-4.814814,-4.814815,-36.792422580099796
53.56666666666667,-0.0,-10.153821,-4.212783,-5.397094,-36.651616972704716
53.6,-0.0,-10.124176,-3.593635,-5.956983,-36.461604353066285
53.63333333333333,-0.0,-10.089503,-2.96,-6.491852,-36.22646881138712
53.666666666666664,-0.0,-10.049728,-2.314513,-6.999066,-35.95032857960898
53.7,-0.0,-10.004784,-1.659807,-7.475995,-35.637274668557254
53.733333333333334,-0.0,-9.954604,-0.998519,-7.92,-35.29141562130177
53.766666666666666,-0.0,-9.899115,-0.333279,-8.328451,-34.916848446541046
53.8,-0.0,-9.838252,0.33328,-8.698712,-34.5176729212227
53.833333333333336,-0.0,-9.771945,0.998519,-9.028147,-34.097992051918304
53.86666666666667,-0.0,-9.700124,1.65981,-9.314129,-33.66190884519946
53.9,-0.0,-9.622721,2.314514,-9.554017,-33.21352307801379
53.93333333333333,-0.0,-9.539668,2.960001,-9.745181,-32.75693129768494
53.96666666666667,-0.0,-9.450895,3.593635,-9.884995,-32.296239740408474
54.0,-0.0,-9.356334,4.212784,-9.970806,-31.83554495350803
54.03333333333333,-0.0,-9.255916,4.814815,-10.0,-31.37895640280315
54.06666666666667,-0.0,-9.149573,5.397094,-9.995078,-30.930570635617485
54.1,-0.0,-9.037234,5.956983,-9.980307,-30.49448096965069
54.13333333333333,-0.0,-8.918833,6.491852,-9.955691,-30.07480655959425
54.166666666666664,-0.0,-8.794298,6.999066,-9.921221,-29.6756310342759
54.2,-0.0,-8.663562,7.475995,-9.8769,-29.30106385951517
54.233333333333334,-0.0,-8.526557,7.92,-9.822725,-28.9552048122597
54.266666666666666,-0.0,-8.383211,8.328451,-9.758691,-28.64215043983312
54.3,-0.0,-8.233459,8.698712,-9.684798,-28.36601020805497
54.333333333333336,-0.0,-8.077231,9.028147,-9.601043,-28.130881125623755
54.36666666666667,-0.0,-7.914457,9.314129,-9.507425,-27.94086204673738
54.4,-0.0,-7.745069,9.554017,-9.403941,-27.800056900717145
54.43333333333333,-0.0,-7.568998,9.745181,-9.29059,-27.71256777138494
54.46666666666667,-0.0,-7.386176,9.884995,-9.167367,-27.682492128814115
54.5,-0.0,-7.196532,9.970806,-9.034273,-27.71256777138494
54.53333333333333,-0.0,-7.0,10.0,-8.891305,-27.800056900717145
54.56666666666667,-0.0,-6.790297,9.967408,-8.73846,-27.94086204673738
54.6,-0.0,-6.562371,9.872593,-8.575735,-28.13087789599978
54.63333333333333,-0.0,-6.318001,9.72,-8.403131,-28.36601020805497
54.666666666666664,-0.0,-6.058963,9.514074,-8.220643,-28.64215043983312
54.7,-0.0,-5.787037,9.259258,-8.028271,-28.9552048122597
54.733333333333334,-0.0,-5.504,8.959999,-7.82601,-29.30106385951517
54.766666666666666,-0.0,-5.21163,8.620741,-7.613861,-29.6756310342759
54.8,-0.0,-4.911704,8.245925,-7.391819,-30.07480655959425
54.833333333333336,-0.0,-4.606,7.839999,-7.159885,-30.494487428898644
54.86666666666667,-0.0,-4.296296,7.407407,-6.918054,-30.930570635617485
54.9,-0.0,-3.98437,6.952593,-6.666326,-31.37895640280315
54.93333333333333,-0.0,-3.672,6.479999,-6.404697,-31.83554495350803
54.96666666666667,-0.0,-3.360963,5.994073,-6.133165,-32.296239740408474
55.0,-0.0,-3.053038,5.499259,-5.85173,-32.75693129768494
55.03333333333333,-0.0,-2.75,4.999999,-5.560387,-33.21352307801379
55.06666666666667,-0.0,-2.45363,4.500741,-5.259136,-33.66190884519946
55.1,-0.0,-2.165704,4.005926,-4.947975,-34.097995281542275
55.13333333333333,-0.0,-1.888,3.519999,-4.626899,-34.5176729212227
55.166666666666664,-0.0,-1.622296,3.047407,-4.295909,-34.916841987293104
55.2,-0.0,-1.37037,2.592592,-3.955001,-35.29141562130177
55.233333333333334,-0.0,-1.134,2.16,-3.604174,-35.637274668557254
55.266666666666666,-0.0,-0.914963,1.754074,-3.243426,-35.95032857960898
55.3,-0.0,-0.715037,1.37926,-2.872754,-36.22646881138712
55.333333333333336,-0.0,-0.535999,1.04,-2.492155,-36.46159835519319
55.36666666666667,-0.0,-0.379629,0.740739,-2.101629,-36.651616972704716
55.4,-0.0,-0.247704,0.485925,-1.701172,-36.792422580099796
55.43333333333333,-0.0,-0.141999,0.279998,-1.290783,-36.87991124805715
55.46666666666667,-0.0,-0.064296,0.127409,-0.87046,-36.90998412237886
55.5,-0.0,-0.01637,0.032592,-0.4402,-36.77547489760859
55.53333333333333,-0.0,0.0,-0.0,-0.0,-36.398843531753606
55.56666666666667,-0.0,-0.013974,0.072886,0.449849,-35.82044556049409
55.6,-0.0,-0.057513,0.276968,0.907895,-35.08062959888746
55.63333333333333,-0.0,-0.133087,0.590379,1.372393,-34.21975718048701
55.666666666666664,-0.0,-0.243141,0.991254,1.8416,-33.278177843099826
55.7,-0.0,-0.389944,1.457726,2.31377,-32.296239740408474
55.733333333333334,-0.0,-0.575376,1.96793,2.78716,-31.314304867341093
55.766666666666666,-0.0,-0.800649,2.5,3.260026,-30.37272506857906
55.8,-0.0,-1.065983,3.03207,3.730623,-29.51184942055463
55.833333333333336,-0.0,-1.370272,3.542274,4.197208,-28.772033458948
55.86666666666667,-0.0,-1.710823,4.008746,4.658033,-28.19363548768849
55.9,-0.0,-2.083261,4.409621,5.111359,-27.817000892209528
55.93333333333333,-0.0,-2.481676,4.723031,5.555438,-27.682492128814115
55.96666666666667,-0.0,-2.899042,4.927113,5.988528,-27.71256777138494
56.0,-0.0,-3.327816,4.999999,6.408882,-27.800056900717145
56.03333333333333,-0.0,-3.7606,4.951111,6.814758,-27.94086204673738
56.06666666666667,-0.0,-4.190708,4.808889,7.204412,-28.13087789599978
56.1,-0.0,-4.61253,4.58,7.576099,-28.36601020805497
56.13333333333333,-0.0,-5.021687,4.271111,7.928074,-28.64215043983312
56.166666666666664,-0.0,-5.415002,3.888889,8.258595,-28.9552048122597
56.2,-0.0,-5.790362,3.44,8.565914,-29.30106385951517
56.233333333333334,-0.0,-6.146527,2.931111,8.84829,-29.6756310342759
56.266666666666666,-0.0,-6.48293,2.368888,9.103977,-30.07480655959425
56.3,-0.0,-6.799506,1.76,9.331233,-30.494487428898644
56.333333333333336,-0.0,-7.096538,1.11111,9.52831,-30.930570635617485
56.36666666666667,-0.0,-7.374551,0.428889,9.693468,-31.37895640280315
56.4,-0.0,-7.634213,-0.28,9.824958,-31.83554495350803
56.43333333333333,-0.0,-7.876287,-1.00889,9.921043,-32.296239740408474
56.46666666666667,-0.0,-8.101575,-1.751111,9.97997,-32.75693129768494
56.5,-0.0,-8.310885,-2.5,10.0,-33.21352307801379
56.53333333333333,-0.0,-8.505022,-3.24889,9.970809,-33.66190884519946
56.56666666666667,-0.0,-8.684765,-3.991112,9.884993,-34.097995281542275
56.6,-0.0,-8.850859,-4.720001,9.745185,-34.5176729212227
56.63333333333333,-0.0,-9.004015,-5.428889,9.554019,-34.916841987293104
56.666666666666664,-0.0,-9.144899,-6.111114,9.314128,-35.29141562130177
56.7,-0.0,-9.27415,-6.759999,9.028147,-35.637274668557254
56.733333333333334,-0.0,-9.392358,-7.368888,8.69871,-35.95032857960898
56.766666666666666,-0.0,-9.500075,-7.931109,8.32845,-36.22646881138712
56.8,-0.0,-9.597822,-8.440002,7.92,-36.46159835519319
56.833333333333336,-0.0,-9.686084,-8.888892,7.475994,-36.651616972704716
56.86666666666667,-0.0,-9.765314,-9.271114,6.999068,-36.792422580099796
56.9,-0.0,-9.835938,-9.580001,6.491851,-36.87991124805715
56.93333333333333,-0.0,-9.898351,-9.808888,5.956981,-36.90998412237886
56.96666666666667,-0.0,-9.952924,-9.951112,5.397092,-36.87991124805715
57.0,-0.0,-10.000001,-10.0,4.814814,-36.792422580099796
57.03333333333333,-0.0,-10.041501,-9.970809,4.212783,-36.651616972704716
57.06666666666667,-0.0,-10.079069,-9.884993,3.593635,-36.461604353066285
57.1,-0.0,-10.112639,-9.745185,2.96,-36.22646881138712
57.13333333333333,-0.0,-10.142141,-9.554019,2.314513,-35.95032857960898
57.166666666666664,-0.0,-10.167508,-9.314128,1.659807,-35.637274668557254
57.2,-0.0,-10.188667,-9.028147,0.998519,-35.29141562130177
57.233333333333334,-0.0,-10.205552,-8.69871,0.333279,-34.916848446541046
57.266666666666666,-0.0,-10.218094,-8.32845,-0.33328,-34.5176729212227
57.3,-0.0,-10.226224,-7.92,-0.998519,-34.097992051918304
57.333333333333336,-0.0,-10.229874,-7.475994,-1.65981,-33.66190884519946
57.36666666666667,-0.0,-10.228972,-6.999068,-2.314514,-33.21352307801379
57.4,-0.0,-10.223455,-6.491851,-2.960001,-32.75693129768494
57.43333333333333,-0.0,-10.213249,-5.956981,-3.593635,-32.296239740408474
57.46666666666667,-0.0,-10.198288,-5.397092,-4.212784,-31.83554495350803
57.5,-0.0,-10.178501,-4.814814,-4.814815,-31.37895640280315
57.53333333333333,-0.0,-10.153821,-4.212783,-5.397094,-30.930570635617485
57.56666666666667,-0.0,-10.124176,-3.593635,-5.956983,-30.49448096965069
57.6,-0.0,-10.089503,-2.96,-6.491852,-30.07480655959425
57.63333333333333,-0.0,-10.049728,-2.314513,-6.999066,-29.6756310342759
57.666666666666664,-0.0,-10.004784,-1.659807,-7.475995,-29.30106385951517
57.7,-0.0,-9.954604,-0.998519,-7.92,-28.9552048122597
57.733333333333334,-0.0,-9.899115,-0.333279,-8.328451,-28.64215043983312
57.766666666666666,-0.0,-9.838252,0.33328,-8.698712,-28.36601020805497
57.8,-0.0,-9.771945,0.998519,-9.028147,-28.130881125623755
57.833333333333336,-0.0,-9.700124,1.65981,-9.314129,-27.94086204673738
57.86666666666667,-0.0,-9.622721,2.314514,-9.554017,-27.800056900717145
57.9,-0.0,-9.539668,2.960001,-9.745181,-27.71256777138494
57.93333333333333,-0.0,-9.450895,3.593635,-9.884995,-27.682492128814115
57.96666666666667,-0.0,-9.356334,4.212784,-9.970806,-27.71256777138494
58.0,-0.0,-9.255916,4.814815,-10.0,-27.800056900717145
58.03333333333333,-0.0,-9.149573,5.397094,-9.995078,-27.94086204673738
58.06666666666667,-0.0,-9.037234,5.956983,-9.980307,-28.13087789599978
58.1,-0.0,-8.918833,6.491852,-9.955691,-28.36601020805497
58.13333333333333,-0.0,-8.794298,6.999066,-9.921221,-28.64215043983312
58.166666666666664,-0.0,-8.663562,7.475995,-9.8769,-28.9552048122597
58.2,-0.0,-8.526557,7.92,-9.822725,-29.30106385951517
58.233333333333334,-0.0,-8.383211,8.328451,-9.758691,-29.6756310342759
58.266666666666666,-0.0,-8.233459,8.698712,-9.684798,-30.07480655959425
58.3,-0.0,-8.077231,9.028147,-9.601043,-30.494487428898644
58.333333333333336,-0.0,-7.914457,9.314129,-9.507425,-30.930570635617485
58.36666666666667,-0.0,-7.745069,9.554017,-9.403941,-31.37895640280315
58.4,-0.0,-7.568998,9.745181,-9.29059,-31.83554495350803
58.43333333333333,-0.0,-7.386176,9.884995,-9.167367,-32.296239740408474
58.46666666666667,-0.0,-7.196532,9.970806,-9.034273,-32.75693129768494
58.5,-0.0,-7.0,10.0,-8.891305,-33.21352307801379
58.53333333333333,-0.0,-6.790297,9.967408,-8.73846,-33.66190884519946
58.56666666666667,-0.0,-6.562371,9.872593,-8.575735,-34.097995281542275
58.6,-0.0,-6.318001,9.72,-8.403131,-34.5176729212227
58.63333333333333,-0.0,-6.058963,9.514074,-8.220643,-34.916841987293104
58.666666666666664,-0.0,-5.787037,9.259258,-8.028271,-35.29141562130177
58.7,-0.0,-5.504,8.959999,-7.82601,-35.637274668557254
58.733333333333334,-0.0,-5.21163,8.620741,-7.613861,-35.95032857960898
58.766666666666666,-0.0,-4.911704,8.245925,-7.391819,-36.22646881138712
58.8,-0.0,-4.606,7.839999,-7.159885,-36.46159835519319
58.833333333333336,-0.0,-4.296296,7.407407,-6.918054,-36.651616972704716
58.86666666666667,-0.0,-3.98437,6.952593,-6.666326,-36.792422580099796
58.9,-0.0,-3.672,6.479999,-6.404697,-36.87991124805715
58.93333333333333,-0.0,-3.360963,5.994073,-6.133165,-36.90998412237886
58.96666666666667,-0.0,-3.053038,5.499259,-5.85173,-36.77547489760859
59.0,-0.0,-2.75,4.999999,-5.560387,-36.398843531753606
59.03333333333333,-0.0,-2.45363,4.500741,-5.259136,-35.82044556049409
59.06666666666667,-0.0,-2.165704,4.005926,-4.947975,-35.08062959888746
59.1,-0.0,-1.888,3.519999,-4.626899,-34.21975718048701
59.13333333333333,-0.0,-1.622296,3.047407,-4.295909,-33.278177843099826
59.166666666666664,-0.0,-1.37037,2.592592,-3.955001,-32.296239740408474
59.2,-0.0,-1.134,2.16,-3.604174,-31.314304867341093
59.233333333333334,-0.0,-0.914963,1.754074,-3.243426,-30.37272506857906
59.266666666666666,-0.0,-0.715037,1.37926,-2.872754,-29.51184942055463
59.3,-0.0,-0.535999,1.04,-2.492155,-28.772033458948
59.333333333333336,-0.0,-0.379629,0.740739,-2.101629,-28.19363548768849
59.36666666666667,-0.0,-0.247704,0.485925,-1.701172,-27.817000892209528
59.4,-0.0,-0.141999,0.279998,-1.290783,-27.682492128814115
59.43333333333333,-0.0,-0.064296,0.127409,-0.87046,-27.71256777138494
59.46666666666667,-0.0,-0.01637,0.032592,-0.4402,-27.800056900717145
59.5,-0.0,0.0,-0.0,-0.0,-27.94086204673738
59.53333333333333,-0.0,-0.013974,0.072886,0.449849,-28.13087789599978
59.56666666666667,-0.0,-0.057513,0.276968,0.907895,-28.36601020805497
59.6,-0.0,-0.133087,0.590379,1.372393,-28.64215043983312
59.63333333333333,-0.0,-0.243141,0.991254,1.8416,-28.9552048122597
59.666666666666664,-0.0,-0.389944,1.457726,2.31377,-29.30106385951517
59.7,-0.0,-0.575376,1.96793,2.78716,-29.6756310342759
59.733333333333334,-0.0,-0.800649,2.5,3.260026,-30.07480655959425
59.766666666666666,-0.0,-1.065983,3.03207,3.730623,-30.494487428898644
59.8,-0.0,-1.370272,3.542274,4.197208,-30.930570635617485
59.833333333333336,-0.0,-1.710823,4.008746,4.658033,-31.37895640280315
59.86666666666667,-0.0,-2.083261,4.409621,5.111359,-31.83554495350803
59.9,-0.0,-2.481676,4.723031,5.555438,-32.296239740408474
59.93333333333333,-0.0,-2.899042,4.927113,5.988528,-32.75693129768494
59.96666666666667,-0.0,-3.327816,4.999999,6.408882,-33.21352307801379
60.0,-0.0,-3.7606,4.951111,6.814758,-33.66190884519946
